"location";"week";"new_week_cases";"new_week_deaths";"taxacrescimento_cases_semanal";"taxacrescimento_deaths_semanal";"labely";"labely_obitos"
"AC";12;0;0;0;0;"0 % (Novos casos: 0)";"0 % (Novos óbitos: 0)"
"AC";13;23;0;0;0;"0 % (Novos casos: 23)";"0 % (Novos óbitos: 0)"
"AC";14;14;0;-0.391;0;"-39.1 % (Novos casos: 14)";"0 % (Novos óbitos: 0)"
"AC";15;29;2;1.071;0;"107.1 % (Novos casos: 29)";"0 % (Novos óbitos: 2)"
"AC";16;86;4;1.966;1;"196.6 % (Novos casos: 86)";"100 % (Novos óbitos: 4)"
"AC";17;116;5;0.349;0.25;"34.9 % (Novos casos: 116)";"25 % (Novos óbitos: 5)"
"AC";18;378;13;2.259;1.6;"225.9 % (Novos casos: 378)";"160 % (Novos óbitos: 13)"
"AC";19;790;17;1.09;0.308;"109 % (Novos casos: 790)";"30.8 % (Novos óbitos: 17)"
"AC";20;550;19;-0.304;0.118;"-30.4 % (Novos casos: 550)";"11.8 % (Novos óbitos: 19)"
"AC";21;2163;32;2.933;0.684;"293.3 % (Novos casos: 2163)";"68.4 % (Novos óbitos: 32)"
"AC";22;2059;56;-0.048;0.75;"-4.8 % (Novos casos: 2059)";"75 % (Novos óbitos: 56)"
"AC";23;1764;59;-0.143;0.054;"-14.3 % (Novos casos: 1764)";"5.4 % (Novos óbitos: 59)"
"AC";24;1659;52;-0.06;-0.119;"-6 % (Novos casos: 1659)";"-11.9 % (Novos óbitos: 52)"
"AC";25;1739;41;0.048;-0.212;"4.8 % (Novos casos: 1739)";"-21.2 % (Novos óbitos: 41)"
"AC";26;1677;53;-0.036;0.293;"-3.6 % (Novos casos: 1677)";"29.3 % (Novos óbitos: 53)"
"AC";27;1564;38;-0.067;-0.283;"-6.7 % (Novos casos: 1564)";"-28.3 % (Novos óbitos: 38)"
"AC";28;1568;35;0.003;-0.079;"0.3 % (Novos casos: 1568)";"-7.9 % (Novos óbitos: 35)"
"AC";29;1105;34;-0.295;-0.029;"-29.5 % (Novos casos: 1105)";"-2.9 % (Novos óbitos: 34)"
"AC";30;1450;26;0.312;-0.235;"31.2 % (Novos casos: 1450)";"-23.5 % (Novos óbitos: 26)"
"AC";31;1221;51;-0.158;0.962;"-15.8 % (Novos casos: 1221)";"96.2 % (Novos óbitos: 51)"
"AC";32;1621;24;0.328;-0.529;"32.8 % (Novos casos: 1621)";"-52.9 % (Novos óbitos: 24)"
"AC";33;961;15;-0.407;-0.375;"-40.7 % (Novos casos: 961)";"-37.5 % (Novos óbitos: 15)"
"AC";34;1171;24;0.219;0.6;"21.9 % (Novos casos: 1171)";"60 % (Novos óbitos: 24)"
"AC";35;919;9;-0.215;-0.625;"-21.5 % (Novos casos: 919)";"-62.5 % (Novos óbitos: 9)"
"AC";36;805;15;-0.124;0.667;"-12.4 % (Novos casos: 805)";"66.7 % (Novos óbitos: 15)"
"AC";37;723;16;-0.102;0.067;"-10.2 % (Novos casos: 723)";"6.7 % (Novos óbitos: 16)"
"AC";38;297;3;-0.589;-0.812;"-58.9 % (Novos casos: 297)";"-81.2 % (Novos óbitos: 3)"
"AL";13;6;0;0;0;"0 % (Novos casos: 6)";"0 % (Novos óbitos: 0)"
"AL";14;11;2;0.833;0;"83.3 % (Novos casos: 11)";"0 % (Novos óbitos: 2)"
"AL";15;20;1;0.818;-0.5;"81.8 % (Novos casos: 20)";"-50 % (Novos óbitos: 1)"
"AL";16;111;12;4.55;11;"455 % (Novos casos: 111)";"1100 % (Novos óbitos: 12)"
"AL";17;395;17;2.559;0.417;"255.9 % (Novos casos: 395)";"41.7 % (Novos óbitos: 17)"
"AL";18;887;32;1.246;0.882;"124.6 % (Novos casos: 887)";"88.2 % (Novos óbitos: 32)"
"AL";19;817;62;-0.079;0.938;"-7.9 % (Novos casos: 817)";"93.8 % (Novos óbitos: 62)"
"AL";20;1558;84;0.907;0.355;"90.7 % (Novos casos: 1558)";"35.5 % (Novos óbitos: 84)"
"AL";21;2398;106;0.539;0.262;"53.9 % (Novos casos: 2398)";"26.2 % (Novos óbitos: 106)"
"AL";22;4074;127;0.699;0.198;"69.9 % (Novos casos: 4074)";"19.8 % (Novos óbitos: 127)"
"AL";23;5418;158;0.33;0.244;"33 % (Novos casos: 5418)";"24.4 % (Novos óbitos: 158)"
"AL";24;6493;143;0.198;-0.095;"19.8 % (Novos casos: 6493)";"-9.5 % (Novos óbitos: 143)"
"AL";25;6458;140;-0.005;-0.021;"-0.5 % (Novos casos: 6458)";"-2.1 % (Novos óbitos: 140)"
"AL";26;5655;128;-0.124;-0.086;"-12.4 % (Novos casos: 5655)";"-8.6 % (Novos óbitos: 128)"
"AL";27;5623;141;-0.006;0.102;"-0.6 % (Novos casos: 5623)";"10.2 % (Novos óbitos: 141)"
"AL";28;5395;128;-0.041;-0.092;"-4.1 % (Novos casos: 5395)";"-9.2 % (Novos óbitos: 128)"
"AL";29;4748;116;-0.12;-0.094;"-12 % (Novos casos: 4748)";"-9.4 % (Novos óbitos: 116)"
"AL";30;5298;103;0.116;-0.112;"11.6 % (Novos casos: 5298)";"-11.2 % (Novos óbitos: 103)"
"AL";31;6864;94;0.296;-0.087;"29.6 % (Novos casos: 6864)";"-8.7 % (Novos óbitos: 94)"
"AL";32;5373;83;-0.217;-0.117;"-21.7 % (Novos casos: 5373)";"-11.7 % (Novos óbitos: 83)"
"AL";33;5121;76;-0.047;-0.084;"-4.7 % (Novos casos: 5121)";"-8.4 % (Novos óbitos: 76)"
"AL";34;3123;65;-0.39;-0.145;"-39 % (Novos casos: 3123)";"-14.5 % (Novos óbitos: 65)"
"AL";35;2780;60;-0.11;-0.077;"-11 % (Novos casos: 2780)";"-7.7 % (Novos óbitos: 60)"
"AL";36;2080;52;-0.252;-0.133;"-25.2 % (Novos casos: 2080)";"-13.3 % (Novos óbitos: 52)"
"AL";37;1513;49;-0.273;-0.058;"-27.3 % (Novos casos: 1513)";"-5.8 % (Novos óbitos: 49)"
"AL";38;753;17;-0.502;-0.653;"-50.2 % (Novos casos: 753)";"-65.3 % (Novos óbitos: 17)"
"AM";12;15;0;0;0;"0 % (Novos casos: 15)";"0 % (Novos óbitos: 0)"
"AM";13;114;1;6.6;0;"660 % (Novos casos: 114)";"0 % (Novos óbitos: 1)"
"AM";14;277;13;1.43;12;"143 % (Novos casos: 277)";"1200 % (Novos óbitos: 13)"
"AM";15;789;48;1.848;2.692;"184.8 % (Novos casos: 789)";"269.2 % (Novos óbitos: 48)"
"AM";16;838;120;0.062;1.5;"6.2 % (Novos casos: 838)";"150 % (Novos óbitos: 120)"
"AM";17;1789;122;1.135;0.017;"113.5 % (Novos casos: 1789)";"1.7 % (Novos óbitos: 122)"
"AM";18;2850;244;0.593;1;"59.3 % (Novos casos: 2850)";"100 % (Novos óbitos: 244)"
"AM";19;5916;456;1.076;0.869;"107.6 % (Novos casos: 5916)";"86.9 % (Novos óbitos: 456)"
"AM";20;7729;409;0.306;-0.103;"30.6 % (Novos casos: 7729)";"-10.3 % (Novos óbitos: 409)"
"AM";21;9539;345;0.234;-0.156;"23.4 % (Novos casos: 9539)";"-15.6 % (Novos óbitos: 345)"
"AM";22;11511;294;0.207;-0.148;"20.7 % (Novos casos: 11511)";"-14.8 % (Novos óbitos: 294)"
"AM";23;7891;198;-0.314;-0.327;"-31.4 % (Novos casos: 7891)";"-32.7 % (Novos óbitos: 198)"
"AM";24;7237;242;-0.083;0.222;"-8.3 % (Novos casos: 7237)";"22.2 % (Novos óbitos: 242)"
"AM";25;6904;165;-0.046;-0.318;"-4.6 % (Novos casos: 6904)";"-31.8 % (Novos óbitos: 165)"
"AM";26;6239;123;-0.096;-0.255;"-9.6 % (Novos casos: 6239)";"-25.5 % (Novos óbitos: 123)"
"AM";27;6365;149;0.02;0.211;"2 % (Novos casos: 6365)";"21.1 % (Novos óbitos: 149)"
"AM";28;7512;110;0.18;-0.262;"18 % (Novos casos: 7512)";"-26.2 % (Novos óbitos: 110)"
"AM";29;7387;110;-0.017;0;"-1.7 % (Novos casos: 7387)";"0 % (Novos óbitos: 110)"
"AM";30;5550;68;-0.249;-0.382;"-24.9 % (Novos casos: 5550)";"-38.2 % (Novos óbitos: 68)"
"AM";31;5661;66;0.02;-0.029;"2 % (Novos casos: 5661)";"-2.9 % (Novos óbitos: 66)"
"AM";32;4826;76;-0.148;0.152;"-14.8 % (Novos casos: 4826)";"15.2 % (Novos óbitos: 76)"
"AM";33;4962;124;0.028;0.632;"2.8 % (Novos casos: 4962)";"63.2 % (Novos óbitos: 124)"
"AM";34;3703;80;-0.254;-0.355;"-25.4 % (Novos casos: 3703)";"-35.5 % (Novos óbitos: 80)"
"AM";35;4445;76;0.2;-0.05;"20 % (Novos casos: 4445)";"-5 % (Novos óbitos: 76)"
"AM";36;3751;208;-0.156;1.737;"-15.6 % (Novos casos: 3751)";"173.7 % (Novos óbitos: 208)"
"AM";37;3321;45;-0.115;-0.784;"-11.5 % (Novos casos: 3321)";"-78.4 % (Novos óbitos: 45)"
"AM";38;1719;28;-0.482;-0.378;"-48.2 % (Novos casos: 1719)";"-37.8 % (Novos óbitos: 28)"
"AP";14;18;2;0;0;"0 % (Novos casos: 18)";"0 % (Novos óbitos: 2)"
"AP";15;201;3;10.167;0.5;"1016.7 % (Novos casos: 201)";"50 % (Novos óbitos: 3)"
"AP";16;186;6;-0.075;1;"-7.5 % (Novos casos: 186)";"100 % (Novos óbitos: 6)"
"AP";17;382;10;1.054;0.667;"105.4 % (Novos casos: 382)";"66.7 % (Novos óbitos: 10)"
"AP";18;684;22;0.791;1.2;"79.1 % (Novos casos: 684)";"120 % (Novos óbitos: 22)"
"AP";19;1131;29;0.654;0.318;"65.4 % (Novos casos: 1131)";"31.8 % (Novos óbitos: 29)"
"AP";20;1339;47;0.184;0.621;"18.4 % (Novos casos: 1339)";"62.1 % (Novos óbitos: 47)"
"AP";21;2401;44;0.793;-0.064;"79.3 % (Novos casos: 2401)";"-6.4 % (Novos óbitos: 44)"
"AP";22;3249;59;0.353;0.341;"35.3 % (Novos casos: 3249)";"34.1 % (Novos óbitos: 59)"
"AP";23;3443;50;0.06;-0.153;"6 % (Novos casos: 3443)";"-15.3 % (Novos óbitos: 50)"
"AP";24;3467;52;0.007;0.04;"0.7 % (Novos casos: 3467)";"4 % (Novos óbitos: 52)"
"AP";25;5328;35;0.537;-0.327;"53.7 % (Novos casos: 5328)";"-32.7 % (Novos óbitos: 35)"
"AP";26;6145;48;0.153;0.371;"15.3 % (Novos casos: 6145)";"37.1 % (Novos óbitos: 48)"
"AP";27;1898;35;-0.691;-0.271;"-69.1 % (Novos casos: 1898)";"-27.1 % (Novos óbitos: 35)"
"AP";28;1481;32;-0.22;-0.086;"-22 % (Novos casos: 1481)";"-8.6 % (Novos óbitos: 32)"
"AP";29;2341;33;0.581;0.031;"58.1 % (Novos casos: 2341)";"3.1 % (Novos óbitos: 33)"
"AP";30;1515;47;-0.353;0.424;"-35.3 % (Novos casos: 1515)";"42.4 % (Novos óbitos: 47)"
"AP";31;1419;17;-0.063;-0.638;"-6.3 % (Novos casos: 1419)";"-63.8 % (Novos óbitos: 17)"
"AP";32;1569;31;0.106;0.824;"10.6 % (Novos casos: 1569)";"82.4 % (Novos óbitos: 31)"
"AP";33;1310;11;-0.165;-0.645;"-16.5 % (Novos casos: 1310)";"-64.5 % (Novos óbitos: 11)"
"AP";34;1602;18;0.223;0.636;"22.3 % (Novos casos: 1602)";"63.6 % (Novos óbitos: 18)"
"AP";35;1772;29;0.106;0.611;"10.6 % (Novos casos: 1772)";"61.1 % (Novos óbitos: 29)"
"AP";36;1878;12;0.06;-0.586;"6 % (Novos casos: 1878)";"-58.6 % (Novos óbitos: 12)"
"AP";37;1083;6;-0.423;-0.5;"-42.3 % (Novos casos: 1083)";"-50 % (Novos óbitos: 6)"
"AP";38;413;7;-0.619;0.167;"-61.9 % (Novos casos: 413)";"16.7 % (Novos óbitos: 7)"
"BA";12;19;0;0;0;"0 % (Novos casos: 19)";"0 % (Novos óbitos: 0)"
"BA";13;105;1;4.526;0;"452.6 % (Novos casos: 105)";"0 % (Novos óbitos: 1)"
"BA";14;247;8;1.352;7;"135.2 % (Novos casos: 247)";"700 % (Novos óbitos: 8)"
"BA";15;272;12;0.101;0.5;"10.1 % (Novos casos: 272)";"50 % (Novos óbitos: 12)"
"BA";16;557;24;1.048;1;"104.8 % (Novos casos: 557)";"100 % (Novos óbitos: 24)"
"BA";17;979;28;0.758;0.167;"75.8 % (Novos casos: 979)";"16.7 % (Novos óbitos: 28)"
"BA";18;1286;50;0.314;0.786;"31.4 % (Novos casos: 1286)";"78.6 % (Novos óbitos: 50)"
"BA";19;2063;79;0.604;0.58;"60.4 % (Novos casos: 2063)";"58 % (Novos óbitos: 79)"
"BA";20;2885;93;0.398;0.177;"39.8 % (Novos casos: 2885)";"17.7 % (Novos óbitos: 93)"
"BA";21;5456;165;0.891;0.774;"89.1 % (Novos casos: 5456)";"77.4 % (Novos óbitos: 165)"
"BA";22;4493;207;-0.177;0.255;"-17.7 % (Novos casos: 4493)";"25.5 % (Novos óbitos: 207)"
"BA";23;9858;212;1.194;0.024;"119.4 % (Novos casos: 9858)";"2.4 % (Novos óbitos: 212)"
"BA";24;8151;226;-0.173;0.066;"-17.3 % (Novos casos: 8151)";"6.6 % (Novos óbitos: 226)"
"BA";25;9878;286;0.212;0.265;"21.2 % (Novos casos: 9878)";"26.5 % (Novos óbitos: 286)"
"BA";26;22216;357;1.249;0.248;"124.9 % (Novos casos: 22216)";"24.8 % (Novos óbitos: 357)"
"BA";27;18553;359;-0.165;0.006;"-16.5 % (Novos casos: 18553)";"0.6 % (Novos óbitos: 359)"
"BA";28;18715;376;0.009;0.047;"0.9 % (Novos casos: 18715)";"4.7 % (Novos óbitos: 376)"
"BA";29;16406;357;-0.123;-0.051;"-12.3 % (Novos casos: 16406)";"-5.1 % (Novos óbitos: 357)"
"BA";30;26010;342;0.585;-0.042;"58.5 % (Novos casos: 26010)";"-4.2 % (Novos óbitos: 342)"
"BA";31;22297;390;-0.143;0.14;"-14.3 % (Novos casos: 22297)";"14 % (Novos óbitos: 390)"
"BA";32;22553;381;0.011;-0.023;"1.1 % (Novos casos: 22553)";"-2.3 % (Novos óbitos: 381)"
"BA";33;23001;453;0.02;0.189;"2 % (Novos casos: 23001)";"18.9 % (Novos óbitos: 453)"
"BA";34;20020;499;-0.13;0.102;"-13 % (Novos casos: 20020)";"10.2 % (Novos óbitos: 499)"
"BA";35;20012;439;0;-0.12;"0 % (Novos casos: 20012)";"-12 % (Novos óbitos: 439)"
"BA";36;15163;314;-0.242;-0.285;"-24.2 % (Novos casos: 15163)";"-28.5 % (Novos óbitos: 314)"
"BA";37;11292;303;-0.255;-0.035;"-25.5 % (Novos casos: 11292)";"-3.5 % (Novos óbitos: 303)"
"BA";38;5168;124;-0.542;-0.591;"-54.2 % (Novos casos: 5168)";"-59.1 % (Novos óbitos: 124)"
"CE";12;92;0;0;0;"0 % (Novos casos: 92)";"0 % (Novos óbitos: 0)"
"CE";13;236;5;1.565;0;"156.5 % (Novos casos: 236)";"0 % (Novos óbitos: 5)"
"CE";14;475;21;1.013;3.2;"101.3 % (Novos casos: 475)";"320 % (Novos óbitos: 21)"
"CE";15;853;48;0.796;1.286;"79.6 % (Novos casos: 853)";"128.6 % (Novos óbitos: 48)"
"CE";16;1576;112;0.848;1.333;"84.8 % (Novos casos: 1576)";"133.3 % (Novos óbitos: 112)"
"CE";17;2581;141;0.638;0.259;"63.8 % (Novos casos: 2581)";"25.9 % (Novos óbitos: 141)"
"CE";18;2537;336;-0.017;1.383;"-1.7 % (Novos casos: 2537)";"138.3 % (Novos óbitos: 336)"
"CE";19;8322;451;2.28;0.342;"228 % (Novos casos: 8322)";"34.2 % (Novos óbitos: 451)"
"CE";20;7563;527;-0.091;0.169;"-9.1 % (Novos casos: 7563)";"16.9 % (Novos óbitos: 527)"
"CE";21;11340;683;0.499;0.296;"49.9 % (Novos casos: 11340)";"29.6 % (Novos óbitos: 683)"
"CE";22;12894;686;0.137;0.004;"13.7 % (Novos casos: 12894)";"0.4 % (Novos óbitos: 686)"
"CE";23;15782;972;0.224;0.417;"22.4 % (Novos casos: 15782)";"41.7 % (Novos óbitos: 972)"
"CE";24;12477;879;-0.209;-0.096;"-20.9 % (Novos casos: 12477)";"-9.6 % (Novos óbitos: 879)"
"CE";25;16118;662;0.292;-0.247;"29.2 % (Novos casos: 16118)";"-24.7 % (Novos óbitos: 662)"
"CE";26;14702;467;-0.088;-0.295;"-8.8 % (Novos casos: 14702)";"-29.5 % (Novos óbitos: 467)"
"CE";27;13896;451;-0.055;-0.034;"-5.5 % (Novos casos: 13896)";"-3.4 % (Novos óbitos: 451)"
"CE";28;15321;427;0.103;-0.053;"10.3 % (Novos casos: 15321)";"-5.3 % (Novos óbitos: 427)"
"CE";29;10187;310;-0.335;-0.274;"-33.5 % (Novos casos: 10187)";"-27.4 % (Novos óbitos: 310)"
"CE";30;15113;315;0.484;0.016;"48.4 % (Novos casos: 15113)";"1.6 % (Novos óbitos: 315)"
"CE";31;14495;216;-0.041;-0.314;"-4.1 % (Novos casos: 14495)";"-31.4 % (Novos óbitos: 216)"
"CE";32;11962;245;-0.175;0.134;"-17.5 % (Novos casos: 11962)";"13.4 % (Novos óbitos: 245)"
"CE";33;9077;179;-0.241;-0.269;"-24.1 % (Novos casos: 9077)";"-26.9 % (Novos óbitos: 179)"
"CE";34;7822;156;-0.138;-0.128;"-13.8 % (Novos casos: 7822)";"-12.8 % (Novos óbitos: 156)"
"CE";35;9016;95;0.153;-0.391;"15.3 % (Novos casos: 9016)";"-39.1 % (Novos óbitos: 95)"
"CE";36;7915;181;-0.122;0.905;"-12.2 % (Novos casos: 7915)";"90.5 % (Novos óbitos: 181)"
"CE";37;5077;121;-0.359;-0.331;"-35.9 % (Novos casos: 5077)";"-33.1 % (Novos óbitos: 121)"
"CE";38;2957;78;-0.418;-0.355;"-41.8 % (Novos casos: 2957)";"-35.5 % (Novos óbitos: 78)"
"DF";12;104;0;0;0;"0 % (Novos casos: 104)";"0 % (Novos óbitos: 0)"
"DF";13;172;1;0.654;0;"65.4 % (Novos casos: 172)";"0 % (Novos óbitos: 1)"
"DF";14;179;6;0.041;5;"4.1 % (Novos casos: 179)";"500 % (Novos óbitos: 6)"
"DF";15;146;7;-0.184;0.167;"-18.4 % (Novos casos: 146)";"16.7 % (Novos óbitos: 7)"
"DF";16;213;10;0.459;0.429;"45.9 % (Novos casos: 213)";"42.9 % (Novos óbitos: 10)"
"DF";17;239;3;0.122;-0.7;"12.2 % (Novos casos: 239)";"-70 % (Novos óbitos: 3)"
"DF";18;583;6;1.439;1;"143.9 % (Novos casos: 583)";"100 % (Novos óbitos: 6)"
"DF";19;1033;9;0.772;0.5;"77.2 % (Novos casos: 1033)";"50 % (Novos óbitos: 9)"
"DF";20;1686;17;0.632;0.889;"63.2 % (Novos casos: 1686)";"88.9 % (Novos óbitos: 17)"
"DF";21;2270;45;0.346;1.647;"34.6 % (Novos casos: 2270)";"164.7 % (Novos óbitos: 45)"
"DF";22;3142;66;0.384;0.467;"38.4 % (Novos casos: 3142)";"46.7 % (Novos óbitos: 66)"
"DF";23;6843;44;1.178;-0.333;"117.8 % (Novos casos: 6843)";"-33.3 % (Novos óbitos: 44)"
"DF";24;6248;90;-0.087;1.045;"-8.7 % (Novos casos: 6248)";"104.5 % (Novos óbitos: 90)"
"DF";25;10356;119;0.657;0.322;"65.7 % (Novos casos: 10356)";"32.2 % (Novos óbitos: 119)"
"DF";26;11678;125;0.128;0.05;"12.8 % (Novos casos: 11678)";"5 % (Novos óbitos: 125)"
"DF";27;12949;151;0.109;0.208;"10.9 % (Novos casos: 12949)";"20.8 % (Novos óbitos: 151)"
"DF";28;12858;203;-0.007;0.344;"-0.7 % (Novos casos: 12858)";"34.4 % (Novos óbitos: 203)"
"DF";29;11700;183;-0.09;-0.099;"-9 % (Novos casos: 11700)";"-9.9 % (Novos óbitos: 183)"
"DF";30;13920;223;0.19;0.219;"19 % (Novos casos: 13920)";"21.9 % (Novos óbitos: 223)"
"DF";31;13696;215;-0.016;-0.036;"-1.6 % (Novos casos: 13696)";"-3.6 % (Novos óbitos: 215)"
"DF";32;13029;208;-0.049;-0.033;"-4.9 % (Novos casos: 13029)";"-3.3 % (Novos óbitos: 208)"
"DF";33;13410;245;0.029;0.178;"2.9 % (Novos casos: 13410)";"17.8 % (Novos óbitos: 245)"
"DF";34;12531;298;-0.066;0.216;"-6.6 % (Novos casos: 12531)";"21.6 % (Novos óbitos: 298)"
"DF";35;11798;195;-0.058;-0.346;"-5.8 % (Novos casos: 11798)";"-34.6 % (Novos óbitos: 195)"
"DF";36;8821;241;-0.252;0.236;"-25.2 % (Novos casos: 8821)";"23.6 % (Novos óbitos: 241)"
"DF";37;7220;189;-0.181;-0.216;"-18.1 % (Novos casos: 7220)";"-21.6 % (Novos óbitos: 189)"
"DF";38;2986;101;-0.586;-0.466;"-58.6 % (Novos casos: 2986)";"-46.6 % (Novos óbitos: 101)"
"ES";12;15;0;0;0;"0 % (Novos casos: 15)";"0 % (Novos óbitos: 0)"
"ES";13;34;0;1.267;0;"126.7 % (Novos casos: 34)";"0 % (Novos óbitos: 0)"
"ES";14;106;6;2.118;0;"211.8 % (Novos casos: 106)";"0 % (Novos óbitos: 6)"
"ES";15;217;3;1.047;-0.5;"104.7 % (Novos casos: 217)";"-50 % (Novos óbitos: 3)"
"ES";16;716;21;2.3;6;"230 % (Novos casos: 716)";"600 % (Novos óbitos: 21)"
"ES";17;604;21;-0.156;0;"-15.6 % (Novos casos: 604)";"0 % (Novos óbitos: 21)"
"ES";18;1383;63;1.29;2;"129 % (Novos casos: 1383)";"200 % (Novos óbitos: 63)"
"ES";19;1513;67;0.094;0.063;"9.4 % (Novos casos: 1513)";"6.3 % (Novos óbitos: 67)"
"ES";20;2145;104;0.418;0.552;"41.8 % (Novos casos: 2145)";"55.2 % (Novos óbitos: 104)"
"ES";21;3263;161;0.521;0.548;"52.1 % (Novos casos: 3263)";"54.8 % (Novos óbitos: 161)"
"ES";22;3683;158;0.129;-0.019;"12.9 % (Novos casos: 3683)";"-1.9 % (Novos óbitos: 158)"
"ES";23;5929;228;0.61;0.443;"61 % (Novos casos: 5929)";"44.3 % (Novos óbitos: 228)"
"ES";24;6822;222;0.151;-0.026;"15.1 % (Novos casos: 6822)";"-2.6 % (Novos óbitos: 222)"
"ES";25;8417;272;0.234;0.225;"23.4 % (Novos casos: 8417)";"22.5 % (Novos óbitos: 272)"
"ES";26;8825;242;0.048;-0.11;"4.8 % (Novos casos: 8825)";"-11 % (Novos óbitos: 242)"
"ES";27;9710;236;0.1;-0.025;"10 % (Novos casos: 9710)";"-2.5 % (Novos óbitos: 236)"
"ES";28;9406;199;-0.031;-0.157;"-3.1 % (Novos casos: 9406)";"-15.7 % (Novos óbitos: 199)"
"ES";29;7810;219;-0.17;0.101;"-17 % (Novos casos: 7810)";"10.1 % (Novos óbitos: 219)"
"ES";30;6591;189;-0.156;-0.137;"-15.6 % (Novos casos: 6591)";"-13.7 % (Novos óbitos: 189)"
"ES";31;7038;167;0.068;-0.116;"6.8 % (Novos casos: 7038)";"-11.6 % (Novos óbitos: 167)"
"ES";32;7553;157;0.073;-0.06;"7.3 % (Novos casos: 7553)";"-6 % (Novos óbitos: 157)"
"ES";33;7789;140;0.031;-0.108;"3.1 % (Novos casos: 7789)";"-10.8 % (Novos óbitos: 140)"
"ES";34;6312;151;-0.19;0.079;"-19 % (Novos casos: 6312)";"7.9 % (Novos óbitos: 151)"
"ES";35;4459;109;-0.294;-0.278;"-29.4 % (Novos casos: 4459)";"-27.8 % (Novos óbitos: 109)"
"ES";36;5154;121;0.156;0.11;"15.6 % (Novos casos: 5154)";"11 % (Novos óbitos: 121)"
"ES";37;4043;90;-0.216;-0.256;"-21.6 % (Novos casos: 4043)";"-25.6 % (Novos óbitos: 90)"
"ES";38;2160;42;-0.466;-0.533;"-46.6 % (Novos casos: 2160)";"-53.3 % (Novos óbitos: 42)"
"GO";12;9;0;0;0;"0 % (Novos casos: 9)";"0 % (Novos óbitos: 0)"
"GO";13;37;1;3.111;0;"311.1 % (Novos casos: 37)";"0 % (Novos óbitos: 1)"
"GO";14;57;2;0.541;1;"54.1 % (Novos casos: 57)";"100 % (Novos óbitos: 2)"
"GO";15;114;11;1;4.5;"100 % (Novos casos: 114)";"450 % (Novos óbitos: 11)"
"GO";16;164;4;0.439;-0.636;"43.9 % (Novos casos: 164)";"-63.6 % (Novos óbitos: 4)"
"GO";17;180;7;0.098;0.75;"9.8 % (Novos casos: 180)";"75 % (Novos óbitos: 7)"
"GO";18;277;5;0.539;-0.286;"53.9 % (Novos casos: 277)";"-28.6 % (Novos óbitos: 5)"
"GO";19;243;17;-0.123;2.4;"-12.3 % (Novos casos: 243)";"240 % (Novos óbitos: 17)"
"GO";20;599;23;1.465;0.353;"146.5 % (Novos casos: 599)";"35.3 % (Novos óbitos: 23)"
"GO";21;751;25;0.254;0.087;"25.4 % (Novos casos: 751)";"8.7 % (Novos óbitos: 25)"
"GO";22;1259;29;0.676;0.16;"67.6 % (Novos casos: 1259)";"16 % (Novos óbitos: 29)"
"GO";23;2111;49;0.677;0.69;"67.7 % (Novos casos: 2111)";"69 % (Novos óbitos: 49)"
"GO";24;2131;38;0.009;-0.224;"0.9 % (Novos casos: 2131)";"-22.4 % (Novos óbitos: 38)"
"GO";25;7675;92;2.602;1.421;"260.2 % (Novos casos: 7675)";"142.1 % (Novos óbitos: 92)"
"GO";26;6365;132;-0.171;0.435;"-17.1 % (Novos casos: 6365)";"43.5 % (Novos óbitos: 132)"
"GO";27;6542;186;0.028;0.409;"2.8 % (Novos casos: 6542)";"40.9 % (Novos óbitos: 186)"
"GO";28;7718;228;0.18;0.226;"18 % (Novos casos: 7718)";"22.6 % (Novos óbitos: 228)"
"GO";29;4525;243;-0.414;0.066;"-41.4 % (Novos casos: 4525)";"6.6 % (Novos óbitos: 243)"
"GO";30;15145;300;2.347;0.235;"234.7 % (Novos casos: 15145)";"23.5 % (Novos óbitos: 300)"
"GO";31;14201;305;-0.062;0.017;"-6.2 % (Novos casos: 14201)";"1.7 % (Novos óbitos: 305)"
"GO";32;14956;323;0.053;0.059;"5.3 % (Novos casos: 14956)";"5.9 % (Novos óbitos: 323)"
"GO";33;16521;302;0.105;-0.065;"10.5 % (Novos casos: 16521)";"-6.5 % (Novos óbitos: 302)"
"GO";34;15072;421;-0.088;0.394;"-8.8 % (Novos casos: 15072)";"39.4 % (Novos óbitos: 421)"
"GO";35;14199;332;-0.058;-0.211;"-5.8 % (Novos casos: 14199)";"-21.1 % (Novos óbitos: 332)"
"GO";36;16752;382;0.18;0.151;"18 % (Novos casos: 16752)";"15.1 % (Novos óbitos: 382)"
"GO";37;15483;343;-0.076;-0.102;"-7.6 % (Novos casos: 15483)";"-10.2 % (Novos óbitos: 343)"
"GO";38;9649;135;-0.377;-0.606;"-37.7 % (Novos casos: 9649)";"-60.6 % (Novos óbitos: 135)"
"MA";13;3;0;0;0;"0 % (Novos casos: 3)";"0 % (Novos óbitos: 0)"
"MA";14;80;2;25.667;0;"2566.7 % (Novos casos: 80)";"0 % (Novos óbitos: 2)"
"MA";15;302;22;2.775;10;"277.5 % (Novos casos: 302)";"1000 % (Novos óbitos: 22)"
"MA";16;807;24;1.672;0.091;"167.2 % (Novos casos: 807)";"9.1 % (Novos óbitos: 24)"
"MA";17;1018;64;0.261;1.667;"26.1 % (Novos casos: 1018)";"166.7 % (Novos óbitos: 64)"
"MA";18;1817;125;0.785;0.953;"78.5 % (Novos casos: 1817)";"95.3 % (Novos óbitos: 125)"
"MA";19;3559;142;0.959;0.136;"95.9 % (Novos casos: 3559)";"13.6 % (Novos óbitos: 142)"
"MA";20;4893;170;0.375;0.197;"37.5 % (Novos casos: 4893)";"19.7 % (Novos óbitos: 170)"
"MA";21;8699;205;0.778;0.206;"77.8 % (Novos casos: 8699)";"20.6 % (Novos óbitos: 205)"
"MA";22;13448;201;0.546;-0.02;"54.6 % (Novos casos: 13448)";"-2 % (Novos óbitos: 201)"
"MA";23;12954;215;-0.037;0.07;"-3.7 % (Novos casos: 12954)";"7 % (Novos óbitos: 215)"
"MA";24;12257;297;-0.054;0.381;"-5.4 % (Novos casos: 12257)";"38.1 % (Novos óbitos: 297)"
"MA";25;10209;254;-0.167;-0.145;"-16.7 % (Novos casos: 10209)";"-14.5 % (Novos óbitos: 254)"
"MA";26;8453;261;-0.172;0.028;"-17.2 % (Novos casos: 8453)";"2.8 % (Novos óbitos: 261)"
"MA";27;11202;237;0.325;-0.092;"32.5 % (Novos casos: 11202)";"-9.2 % (Novos óbitos: 237)"
"MA";28;9238;244;-0.175;0.03;"-17.5 % (Novos casos: 9238)";"3 % (Novos óbitos: 244)"
"MA";29;7373;245;-0.202;0.004;"-20.2 % (Novos casos: 7373)";"0.4 % (Novos óbitos: 245)"
"MA";30;7566;215;0.026;-0.122;"2.6 % (Novos casos: 7566)";"-12.2 % (Novos óbitos: 215)"
"MA";31;8062;127;0.066;-0.409;"6.6 % (Novos casos: 8062)";"-40.9 % (Novos óbitos: 127)"
"MA";32;8183;119;0.015;-0.063;"1.5 % (Novos casos: 8183)";"-6.3 % (Novos óbitos: 119)"
"MA";33;6717;95;-0.179;-0.202;"-17.9 % (Novos casos: 6717)";"-20.2 % (Novos óbitos: 95)"
"MA";34;7547;88;0.124;-0.074;"12.4 % (Novos casos: 7547)";"-7.4 % (Novos óbitos: 88)"
"MA";35;6812;84;-0.097;-0.045;"-9.7 % (Novos casos: 6812)";"-4.5 % (Novos óbitos: 84)"
"MA";36;6838;72;0.004;-0.143;"0.4 % (Novos casos: 6838)";"-14.3 % (Novos óbitos: 72)"
"MA";37;4533;72;-0.337;0;"-33.7 % (Novos casos: 4533)";"0 % (Novos óbitos: 72)"
"MA";38;2187;31;-0.518;-0.569;"-51.8 % (Novos casos: 2187)";"-56.9 % (Novos óbitos: 31)"
"MG";12;68;0;0;0;"0 % (Novos casos: 68)";"0 % (Novos óbitos: 0)"
"MG";13;148;0;1.176;0;"117.6 % (Novos casos: 148)";"0 % (Novos óbitos: 0)"
"MG";14;267;6;0.804;0;"80.4 % (Novos casos: 267)";"0 % (Novos óbitos: 6)"
"MG";15;308;14;0.154;1.333;"15.4 % (Novos casos: 308)";"133.3 % (Novos óbitos: 14)"
"MG";16;348;19;0.13;0.357;"13 % (Novos casos: 348)";"35.7 % (Novos óbitos: 19)"
"MG";17;394;22;0.132;0.158;"13.2 % (Novos casos: 394)";"15.8 % (Novos óbitos: 22)"
"MG";18;570;28;0.447;0.273;"44.7 % (Novos casos: 570)";"27.3 % (Novos óbitos: 28)"
"MG";19;1119;30;0.963;0.071;"96.3 % (Novos casos: 1119)";"7.1 % (Novos óbitos: 30)"
"MG";20;1374;37;0.228;0.233;"22.8 % (Novos casos: 1374)";"23.3 % (Novos óbitos: 37)"
"MG";21;2057;70;0.497;0.892;"49.7 % (Novos casos: 2057)";"89.2 % (Novos óbitos: 70)"
"MG";22;3796;45;0.845;-0.357;"84.5 % (Novos casos: 3796)";"-35.7 % (Novos óbitos: 45)"
"MG";23;5239;105;0.38;1.333;"38 % (Novos casos: 5239)";"133.3 % (Novos óbitos: 105)"
"MG";24;5678;99;0.084;-0.057;"8.4 % (Novos casos: 5678)";"-5.7 % (Novos óbitos: 99)"
"MG";25;6260;186;0.103;0.879;"10.3 % (Novos casos: 6260)";"87.9 % (Novos óbitos: 186)"
"MG";26;15100;238;1.412;0.28;"141.2 % (Novos casos: 15100)";"28 % (Novos óbitos: 238)"
"MG";27;15542;302;0.029;0.269;"2.9 % (Novos casos: 15542)";"26.9 % (Novos óbitos: 302)"
"MG";28;17568;375;0.13;0.242;"13 % (Novos casos: 17568)";"24.2 % (Novos óbitos: 375)"
"MG";29;17121;406;-0.025;0.083;"-2.5 % (Novos casos: 17121)";"8.3 % (Novos óbitos: 406)"
"MG";30;19599;447;0.145;0.101;"14.5 % (Novos casos: 19599)";"10.1 % (Novos óbitos: 447)"
"MG";31;20230;462;0.032;0.034;"3.2 % (Novos casos: 20230)";"3.4 % (Novos óbitos: 462)"
"MG";32;21126;646;0.044;0.398;"4.4 % (Novos casos: 21126)";"39.8 % (Novos óbitos: 646)"
"MG";33;20475;595;-0.031;-0.079;"-3.1 % (Novos casos: 20475)";"-7.9 % (Novos óbitos: 595)"
"MG";34;20212;658;-0.013;0.106;"-1.3 % (Novos casos: 20212)";"10.6 % (Novos óbitos: 658)"
"MG";35;20436;536;0.011;-0.185;"1.1 % (Novos casos: 20436)";"-18.5 % (Novos óbitos: 536)"
"MG";36;19754;511;-0.033;-0.047;"-3.3 % (Novos casos: 19754)";"-4.7 % (Novos óbitos: 511)"
"MG";37;17459;439;-0.116;-0.141;"-11.6 % (Novos casos: 17459)";"-14.1 % (Novos óbitos: 439)"
"MG";38;6332;143;-0.637;-0.674;"-63.7 % (Novos casos: 6332)";"-67.4 % (Novos óbitos: 143)"
"MS";12;5;0;0;0;"0 % (Novos casos: 5)";"0 % (Novos óbitos: 0)"
"MS";13;15;0;2;0;"200 % (Novos casos: 15)";"0 % (Novos óbitos: 0)"
"MS";14;29;1;0.933;0;"93.3 % (Novos casos: 29)";"0 % (Novos óbitos: 1)"
"MS";15;36;1;0.241;0;"24.1 % (Novos casos: 36)";"0 % (Novos óbitos: 1)"
"MS";16;67;3;0.861;2;"86.1 % (Novos casos: 67)";"200 % (Novos óbitos: 3)"
"MS";17;66;2;-0.015;-0.333;"-1.5 % (Novos casos: 66)";"-33.3 % (Novos óbitos: 2)"
"MS";18;38;3;-0.424;0.5;"-42.4 % (Novos casos: 38)";"50 % (Novos óbitos: 3)"
"MS";19;90;1;1.368;-0.667;"136.8 % (Novos casos: 90)";"-66.7 % (Novos óbitos: 1)"
"MS";20;208;4;1.311;3;"131.1 % (Novos casos: 208)";"300 % (Novos óbitos: 4)"
"MS";21;354;2;0.702;-0.5;"70.2 % (Novos casos: 354)";"-50 % (Novos óbitos: 2)"
"MS";22;565;3;0.596;0.5;"59.6 % (Novos casos: 565)";"50 % (Novos óbitos: 3)"
"MS";23;764;1;0.352;-0.667;"35.2 % (Novos casos: 764)";"-66.7 % (Novos óbitos: 1)"
"MS";24;1180;10;0.545;9;"54.5 % (Novos casos: 1180)";"900 % (Novos óbitos: 10)"
"MS";25;1804;14;0.529;0.4;"52.9 % (Novos casos: 1804)";"40 % (Novos óbitos: 14)"
"MS";26;2290;27;0.269;0.929;"26.9 % (Novos casos: 2290)";"92.9 % (Novos óbitos: 27)"
"MS";27;2562;45;0.119;0.667;"11.9 % (Novos casos: 2562)";"66.7 % (Novos óbitos: 45)"
"MS";28;3108;44;0.213;-0.022;"21.3 % (Novos casos: 3108)";"-2.2 % (Novos óbitos: 44)"
"MS";29;3206;61;0.032;0.386;"3.2 % (Novos casos: 3206)";"38.6 % (Novos óbitos: 61)"
"MS";30;5111;83;0.594;0.361;"59.4 % (Novos casos: 5111)";"36.1 % (Novos óbitos: 83)"
"MS";31;4489;99;-0.122;0.193;"-12.2 % (Novos casos: 4489)";"19.3 % (Novos óbitos: 99)"
"MS";32;5341;105;0.19;0.061;"19 % (Novos casos: 5341)";"6.1 % (Novos óbitos: 105)"
"MS";33;5492;117;0.028;0.114;"2.8 % (Novos casos: 5492)";"11.4 % (Novos óbitos: 117)"
"MS";34;5662;112;0.031;-0.043;"3.1 % (Novos casos: 5662)";"-4.3 % (Novos óbitos: 112)"
"MS";35;6024;113;0.064;0.009;"6.4 % (Novos casos: 6024)";"0.9 % (Novos óbitos: 113)"
"MS";36;4969;115;-0.175;0.018;"-17.5 % (Novos casos: 4969)";"1.8 % (Novos óbitos: 115)"
"MS";37;5586;99;0.124;-0.139;"12.4 % (Novos casos: 5586)";"-13.9 % (Novos óbitos: 99)"
"MS";38;1886;57;-0.662;-0.424;"-66.2 % (Novos casos: 1886)";"-42.4 % (Novos óbitos: 57)"
"MT";13;5;0;0;0;"0 % (Novos casos: 5)";"0 % (Novos óbitos: 0)"
"MT";14;44;1;7.8;0;"780 % (Novos casos: 44)";"0 % (Novos óbitos: 1)"
"MT";15;63;2;0.432;1;"43.2 % (Novos casos: 63)";"100 % (Novos óbitos: 2)"
"MT";16;51;2;-0.19;0;"-19 % (Novos casos: 51)";"0 % (Novos óbitos: 2)"
"MT";17;76;4;0.49;1;"49 % (Novos casos: 76)";"100 % (Novos óbitos: 4)"
"MT";18;87;3;0.145;-0.25;"14.5 % (Novos casos: 87)";"-25 % (Novos óbitos: 3)"
"MT";19;182;6;1.092;1;"109.2 % (Novos casos: 182)";"100 % (Novos óbitos: 6)"
"MT";20;382;9;1.099;0.5;"109.9 % (Novos casos: 382)";"50 % (Novos óbitos: 9)"
"MT";21;561;13;0.469;0.444;"46.9 % (Novos casos: 561)";"44.4 % (Novos óbitos: 13)"
"MT";22;967;21;0.724;0.615;"72.4 % (Novos casos: 967)";"61.5 % (Novos óbitos: 21)"
"MT";23;1449;48;0.498;1.286;"49.8 % (Novos casos: 1449)";"128.6 % (Novos óbitos: 48)"
"MT";24;1983;100;0.369;1.083;"36.9 % (Novos casos: 1983)";"108.3 % (Novos óbitos: 100)"
"MT";25;3609;151;0.82;0.51;"82 % (Novos casos: 3609)";"51 % (Novos óbitos: 151)"
"MT";26;5217;203;0.446;0.344;"44.6 % (Novos casos: 5217)";"34.4 % (Novos óbitos: 203)"
"MT";27;6204;244;0.189;0.202;"18.9 % (Novos casos: 6204)";"20.2 % (Novos óbitos: 244)"
"MT";28;7520;240;0.212;-0.016;"21.2 % (Novos casos: 7520)";"-1.6 % (Novos óbitos: 240)"
"MT";29;5725;285;-0.239;0.188;"-23.9 % (Novos casos: 5725)";"18.8 % (Novos óbitos: 285)"
"MT";30;9195;248;0.606;-0.13;"60.6 % (Novos casos: 9195)";"-13 % (Novos óbitos: 248)"
"MT";31;10032;306;0.091;0.234;"9.1 % (Novos casos: 10032)";"23.4 % (Novos óbitos: 306)"
"MT";32;10053;204;0.002;-0.333;"0.2 % (Novos casos: 10053)";"-33.3 % (Novos óbitos: 204)"
"MT";33;9853;250;-0.02;0.225;"-2 % (Novos casos: 9853)";"22.5 % (Novos óbitos: 250)"
"MT";34;7984;185;-0.19;-0.26;"-19 % (Novos casos: 7984)";"-26 % (Novos óbitos: 185)"
"MT";35;9084;200;0.138;0.081;"13.8 % (Novos casos: 9084)";"8.1 % (Novos óbitos: 200)"
"MT";36;7482;182;-0.176;-0.09;"-17.6 % (Novos casos: 7482)";"-9 % (Novos óbitos: 182)"
"MT";37;7094;175;-0.052;-0.038;"-5.2 % (Novos casos: 7094)";"-3.8 % (Novos óbitos: 175)"
"MT";38;3977;74;-0.439;-0.577;"-43.9 % (Novos casos: 3977)";"-57.7 % (Novos óbitos: 74)"
"PA";13;5;0;0;0;"0 % (Novos casos: 5)";"0 % (Novos óbitos: 0)"
"PA";14;68;1;12.6;0;"1260 % (Novos casos: 68)";"0 % (Novos óbitos: 1)"
"PA";15;160;12;1.353;11;"135.3 % (Novos casos: 160)";"1100 % (Novos óbitos: 12)"
"PA";16;439;21;1.744;0.75;"174.4 % (Novos casos: 439)";"75 % (Novos óbitos: 21)"
"PA";17;1182;66;1.692;2.143;"169.2 % (Novos casos: 1182)";"214.3 % (Novos óbitos: 66)"
"PA";18;1996;209;0.689;2.167;"68.9 % (Novos casos: 1996)";"216.7 % (Novos óbitos: 209)"
"PA";19;3393;343;0.7;0.641;"70 % (Novos casos: 3393)";"64.1 % (Novos óbitos: 343)"
"PA";20;6608;587;0.948;0.711;"94.8 % (Novos casos: 6608)";"71.1 % (Novos óbitos: 587)"
"PA";21;10261;909;0.553;0.549;"55.3 % (Novos casos: 10261)";"54.9 % (Novos óbitos: 909)"
"PA";22;13836;775;0.348;-0.147;"34.8 % (Novos casos: 13836)";"-14.7 % (Novos óbitos: 775)"
"PA";23;16310;755;0.179;-0.026;"17.9 % (Novos casos: 16310)";"-2.6 % (Novos óbitos: 755)"
"PA";24;14908;513;-0.086;-0.321;"-8.6 % (Novos casos: 14908)";"-32.1 % (Novos óbitos: 513)"
"PA";25;15475;392;0.038;-0.236;"3.8 % (Novos casos: 15475)";"-23.6 % (Novos óbitos: 392)"
"PA";26;15789;262;0.02;-0.332;"2 % (Novos casos: 15789)";"-33.2 % (Novos óbitos: 262)"
"PA";27;13368;251;-0.153;-0.042;"-15.3 % (Novos casos: 13368)";"-4.2 % (Novos óbitos: 251)"
"PA";28;11903;193;-0.11;-0.231;"-11 % (Novos casos: 11903)";"-23.1 % (Novos óbitos: 193)"
"PA";29;11770;234;-0.011;0.212;"-1.1 % (Novos casos: 11770)";"21.2 % (Novos óbitos: 234)"
"PA";30;10979;193;-0.067;-0.175;"-6.7 % (Novos casos: 10979)";"-17.5 % (Novos óbitos: 193)"
"PA";31;7822;57;-0.288;-0.705;"-28.8 % (Novos casos: 7822)";"-70.5 % (Novos óbitos: 57)"
"PA";32;11357;112;0.452;0.965;"45.2 % (Novos casos: 11357)";"96.5 % (Novos óbitos: 112)"
"PA";33;10327;55;-0.091;-0.509;"-9.1 % (Novos casos: 10327)";"-50.9 % (Novos óbitos: 55)"
"PA";34;11320;117;0.096;1.127;"9.6 % (Novos casos: 11320)";"112.7 % (Novos óbitos: 117)"
"PA";35;9882;58;-0.127;-0.504;"-12.7 % (Novos casos: 9882)";"-50.4 % (Novos óbitos: 58)"
"PA";36;8467;134;-0.143;1.31;"-14.3 % (Novos casos: 8467)";"131 % (Novos óbitos: 134)"
"PA";37;6738;95;-0.204;-0.291;"-20.4 % (Novos casos: 6738)";"-29.1 % (Novos óbitos: 95)"
"PA";38;3124;61;-0.536;-0.358;"-53.6 % (Novos casos: 3124)";"-35.8 % (Novos óbitos: 61)"
"PB";13;0;0;0;0;"0 % (Novos casos: 0)";"0 % (Novos óbitos: 0)"
"PB";14;20;4;0;0;"0 % (Novos casos: 20)";"0 % (Novos óbitos: 4)"
"PB";15;67;9;2.35;1.25;"235 % (Novos casos: 67)";"125 % (Novos óbitos: 9)"
"PB";16;135;16;1.015;0.778;"101.5 % (Novos casos: 135)";"77.8 % (Novos óbitos: 16)"
"PB";17;263;20;0.948;0.25;"94.8 % (Novos casos: 263)";"25 % (Novos óbitos: 20)"
"PB";18;670;27;1.548;0.35;"154.8 % (Novos casos: 670)";"35 % (Novos óbitos: 27)"
"PB";19;1172;59;0.749;1.185;"74.9 % (Novos casos: 1172)";"118.5 % (Novos óbitos: 59)"
"PB";20;2006;59;0.712;0;"71.2 % (Novos casos: 2006)";"0 % (Novos óbitos: 59)"
"PB";21;3476;78;0.733;0.322;"73.3 % (Novos casos: 3476)";"32.2 % (Novos óbitos: 78)"
"PB";22;5339;88;0.536;0.128;"53.6 % (Novos casos: 5339)";"12.8 % (Novos óbitos: 88)"
"PB";23;7148;124;0.339;0.409;"33.9 % (Novos casos: 7148)";"40.9 % (Novos óbitos: 124)"
"PB";24;7703;149;0.078;0.202;"7.8 % (Novos casos: 7703)";"20.2 % (Novos óbitos: 149)"
"PB";25;8771;133;0.139;-0.107;"13.9 % (Novos casos: 8771)";"-10.7 % (Novos óbitos: 133)"
"PB";26;7895;145;-0.1;0.09;"-10 % (Novos casos: 7895)";"9 % (Novos óbitos: 145)"
"PB";27;8049;188;0.02;0.297;"2 % (Novos casos: 8049)";"29.7 % (Novos óbitos: 188)"
"PB";28;8056;185;0.001;-0.016;"0.1 % (Novos casos: 8056)";"-1.6 % (Novos óbitos: 185)"
"PB";29;6598;202;-0.181;0.092;"-18.1 % (Novos casos: 6598)";"9.2 % (Novos óbitos: 202)"
"PB";30;8771;212;0.329;0.05;"32.9 % (Novos casos: 8771)";"5 % (Novos óbitos: 212)"
"PB";31;7855;152;-0.104;-0.283;"-10.4 % (Novos casos: 7855)";"-28.3 % (Novos óbitos: 152)"
"PB";32;6074;150;-0.227;-0.013;"-22.7 % (Novos casos: 6074)";"-1.3 % (Novos óbitos: 150)"
"PB";33;5951;162;-0.02;0.08;"-2 % (Novos casos: 5951)";"8 % (Novos óbitos: 162)"
"PB";34;5099;146;-0.143;-0.099;"-14.3 % (Novos casos: 5099)";"-9.9 % (Novos óbitos: 146)"
"PB";35;4529;127;-0.112;-0.13;"-11.2 % (Novos casos: 4529)";"-13 % (Novos óbitos: 127)"
"PB";36;4012;108;-0.114;-0.15;"-11.4 % (Novos casos: 4012)";"-15 % (Novos óbitos: 108)"
"PB";37;3288;84;-0.18;-0.222;"-18 % (Novos casos: 3288)";"-22.2 % (Novos óbitos: 84)"
"PB";38;1621;32;-0.507;-0.619;"-50.7 % (Novos casos: 1621)";"-61.9 % (Novos óbitos: 32)"
"PE";12;21;0;0;0;"0 % (Novos casos: 21)";"0 % (Novos óbitos: 0)"
"PE";13;36;5;0.714;0;"71.4 % (Novos casos: 36)";"0 % (Novos óbitos: 5)"
"PE";14;128;16;2.556;2.2;"255.6 % (Novos casos: 128)";"220 % (Novos óbitos: 16)"
"PE";15;759;64;4.93;3;"493 % (Novos casos: 759)";"300 % (Novos óbitos: 64)"
"PE";16;1499;131;0.975;1.047;"97.5 % (Novos casos: 1499)";"104.7 % (Novos óbitos: 131)"
"PE";17;2439;199;0.627;0.519;"62.7 % (Novos casos: 2439)";"51.9 % (Novos óbitos: 199)"
"PE";18;3745;237;0.535;0.191;"53.5 % (Novos casos: 3745)";"19.1 % (Novos óbitos: 237)"
"PE";19;4632;395;0.237;0.667;"23.7 % (Novos casos: 4632)";"66.7 % (Novos óbitos: 395)"
"PE";20;6177;469;0.334;0.187;"33.4 % (Novos casos: 6177)";"18.7 % (Novos óbitos: 469)"
"PE";21;8307;684;0.345;0.458;"34.5 % (Novos casos: 8307)";"45.8 % (Novos óbitos: 684)"
"PE";22;6691;607;-0.195;-0.113;"-19.5 % (Novos casos: 6691)";"-11.3 % (Novos óbitos: 607)"
"PE";23;5792;498;-0.134;-0.18;"-13.4 % (Novos casos: 5792)";"-18 % (Novos óbitos: 498)"
"PE";24;5019;550;-0.133;0.104;"-13.3 % (Novos casos: 5019)";"10.4 % (Novos óbitos: 550)"
"PE";25;6852;379;0.365;-0.311;"36.5 % (Novos casos: 6852)";"-31.1 % (Novos óbitos: 379)"
"PE";26;5994;517;-0.125;0.364;"-12.5 % (Novos casos: 5994)";"36.4 % (Novos óbitos: 517)"
"PE";27;7022;392;0.172;-0.242;"17.2 % (Novos casos: 7022)";"-24.2 % (Novos óbitos: 392)"
"PE";28;7341;452;0.045;0.153;"4.5 % (Novos casos: 7341)";"15.3 % (Novos óbitos: 452)"
"PE";29;6982;389;-0.049;-0.139;"-4.9 % (Novos casos: 6982)";"-13.9 % (Novos óbitos: 389)"
"PE";30;9014;368;0.291;-0.054;"29.1 % (Novos casos: 9014)";"-5.4 % (Novos óbitos: 368)"
"PE";31;9504;282;0.054;-0.234;"5.4 % (Novos casos: 9504)";"-23.4 % (Novos óbitos: 282)"
"PE";32;7164;307;-0.246;0.089;"-24.6 % (Novos casos: 7164)";"8.9 % (Novos óbitos: 307)"
"PE";33;7824;247;0.092;-0.195;"9.2 % (Novos casos: 7824)";"-19.5 % (Novos óbitos: 247)"
"PE";34;6182;202;-0.21;-0.182;"-21 % (Novos casos: 6182)";"-18.2 % (Novos óbitos: 202)"
"PE";35;5954;184;-0.037;-0.089;"-3.7 % (Novos casos: 5954)";"-8.9 % (Novos óbitos: 184)"
"PE";36;7058;128;0.185;-0.304;"18.5 % (Novos casos: 7058)";"-30.4 % (Novos óbitos: 128)"
"PE";37;4520;172;-0.36;0.344;"-36 % (Novos casos: 4520)";"34.4 % (Novos óbitos: 172)"
"PE";38;1896;59;-0.581;-0.657;"-58.1 % (Novos casos: 1896)";"-65.7 % (Novos óbitos: 59)"
"PI";13;3;0;0;0;"0 % (Novos casos: 3)";"0 % (Novos óbitos: 0)"
"PI";14;9;3;2;0;"200 % (Novos casos: 9)";"0 % (Novos óbitos: 3)"
"PI";15;21;3;1.333;0;"133.3 % (Novos casos: 21)";"0 % (Novos óbitos: 3)"
"PI";16;101;3;3.81;0;"381 % (Novos casos: 101)";"0 % (Novos óbitos: 3)"
"PI";17;186;8;0.842;1.667;"84.2 % (Novos casos: 186)";"166.7 % (Novos óbitos: 8)"
"PI";18;411;10;1.21;0.25;"121 % (Novos casos: 411)";"25 % (Novos óbitos: 10)"
"PI";19;536;14;0.304;0.4;"30.4 % (Novos casos: 536)";"40 % (Novos óbitos: 14)"
"PI";20;974;30;0.817;1.143;"81.7 % (Novos casos: 974)";"114.3 % (Novos óbitos: 30)"
"PI";21;1138;35;0.168;0.167;"16.8 % (Novos casos: 1138)";"16.7 % (Novos óbitos: 35)"
"PI";22;1541;54;0.354;0.543;"35.4 % (Novos casos: 1541)";"54.3 % (Novos óbitos: 54)"
"PI";23;2547;78;0.653;0.444;"65.3 % (Novos casos: 2547)";"44.4 % (Novos óbitos: 78)"
"PI";24;2675;121;0.05;0.551;"5 % (Novos casos: 2675)";"55.1 % (Novos óbitos: 121)"
"PI";25;4111;125;0.537;0.033;"53.7 % (Novos casos: 4111)";"3.3 % (Novos óbitos: 125)"
"PI";26;4894;130;0.19;0.04;"19 % (Novos casos: 4894)";"4 % (Novos óbitos: 130)"
"PI";27;6921;169;0.414;0.3;"41.4 % (Novos casos: 6921)";"30 % (Novos óbitos: 169)"
"PI";28;6884;152;-0.005;-0.101;"-0.5 % (Novos casos: 6884)";"-10.1 % (Novos óbitos: 152)"
"PI";29;6333;164;-0.08;0.079;"-8 % (Novos casos: 6333)";"7.9 % (Novos óbitos: 164)"
"PI";30;6748;143;0.066;-0.128;"6.6 % (Novos casos: 6748)";"-12.8 % (Novos óbitos: 143)"
"PI";31;6949;126;0.03;-0.119;"3 % (Novos casos: 6949)";"-11.9 % (Novos óbitos: 126)"
"PI";32;6989;111;0.006;-0.119;"0.6 % (Novos casos: 6989)";"-11.9 % (Novos óbitos: 111)"
"PI";33;6096;128;-0.128;0.153;"-12.8 % (Novos casos: 6096)";"15.3 % (Novos óbitos: 128)"
"PI";34;5821;106;-0.045;-0.172;"-4.5 % (Novos casos: 5821)";"-17.2 % (Novos óbitos: 106)"
"PI";35;5366;101;-0.078;-0.047;"-7.8 % (Novos casos: 5366)";"-4.7 % (Novos óbitos: 101)"
"PI";36;4741;78;-0.116;-0.228;"-11.6 % (Novos casos: 4741)";"-22.8 % (Novos óbitos: 78)"
"PI";37;4390;74;-0.074;-0.051;"-7.4 % (Novos casos: 4390)";"-5.1 % (Novos óbitos: 74)"
"PI";38;1563;29;-0.644;-0.608;"-64.4 % (Novos casos: 1563)";"-60.8 % (Novos óbitos: 29)"
"PR";12;37;0;0;0;"0 % (Novos casos: 37)";"0 % (Novos óbitos: 0)"
"PR";13;98;2;1.649;0;"164.9 % (Novos casos: 98)";"0 % (Novos óbitos: 2)"
"PR";14;290;7;1.959;2.5;"195.9 % (Novos casos: 290)";"250 % (Novos óbitos: 7)"
"PR";15;300;21;0.034;2;"3.4 % (Novos casos: 300)";"200 % (Novos óbitos: 21)"
"PR";16;249;18;-0.17;-0.143;"-17 % (Novos casos: 249)";"-14.3 % (Novos óbitos: 18)"
"PR";17;169;24;-0.321;0.333;"-32.1 % (Novos casos: 169)";"33.3 % (Novos óbitos: 24)"
"PR";18;358;21;1.118;-0.125;"111.8 % (Novos casos: 358)";"-12.5 % (Novos óbitos: 21)"
"PR";19;321;16;-0.103;-0.238;"-10.3 % (Novos casos: 321)";"-23.8 % (Novos óbitos: 16)"
"PR";20;451;15;0.405;-0.062;"40.5 % (Novos casos: 451)";"-6.2 % (Novos óbitos: 15)"
"PR";21;926;29;1.053;0.933;"105.3 % (Novos casos: 926)";"93.3 % (Novos óbitos: 29)"
"PR";22;1475;29;0.593;0;"59.3 % (Novos casos: 1475)";"0 % (Novos óbitos: 29)"
"PR";23;2210;55;0.498;0.897;"49.8 % (Novos casos: 2210)";"89.7 % (Novos óbitos: 55)"
"PR";24;2686;89;0.215;0.618;"21.5 % (Novos casos: 2686)";"61.8 % (Novos óbitos: 89)"
"PR";25;4918;125;0.831;0.404;"83.1 % (Novos casos: 4918)";"40.4 % (Novos óbitos: 125)"
"PR";26;6241;148;0.269;0.184;"26.9 % (Novos casos: 6241)";"18.4 % (Novos óbitos: 148)"
"PR";27;10717;196;0.717;0.324;"71.7 % (Novos casos: 10717)";"32.4 % (Novos óbitos: 196)"
"PR";28;11078;250;0.034;0.276;"3.4 % (Novos casos: 11078)";"27.6 % (Novos óbitos: 250)"
"PR";29;12092;282;0.092;0.128;"9.2 % (Novos casos: 12092)";"12.8 % (Novos óbitos: 282)"
"PR";30;12591;344;0.041;0.22;"4.1 % (Novos casos: 12591)";"22 % (Novos óbitos: 344)"
"PR";31;12385;334;-0.016;-0.029;"-1.6 % (Novos casos: 12385)";"-2.9 % (Novos óbitos: 334)"
"PR";32;10361;340;-0.163;0.018;"-16.3 % (Novos casos: 10361)";"1.8 % (Novos óbitos: 340)"
"PR";33;15138;346;0.461;0.018;"46.1 % (Novos casos: 15138)";"1.8 % (Novos óbitos: 346)"
"PR";34;12855;286;-0.151;-0.173;"-15.1 % (Novos casos: 12855)";"-17.3 % (Novos óbitos: 286)"
"PR";35;12644;274;-0.016;-0.042;"-1.6 % (Novos casos: 12644)";"-4.2 % (Novos óbitos: 274)"
"PR";36;12471;300;-0.014;0.095;"-1.4 % (Novos casos: 12471)";"9.5 % (Novos óbitos: 300)"
"PR";37;11097;272;-0.11;-0.093;"-11 % (Novos casos: 11097)";"-9.3 % (Novos óbitos: 272)"
"PR";38;3159;148;-0.715;-0.456;"-71.5 % (Novos casos: 3159)";"-45.6 % (Novos óbitos: 148)"
"RJ";11;11;0;0;0;"0 % (Novos casos: 11)";"0 % (Novos óbitos: 0)"
"RJ";12;162;3;13.727;0;"1372.7 % (Novos casos: 162)";"0 % (Novos óbitos: 3)"
"RJ";13;414;14;1.556;3.667;"155.6 % (Novos casos: 414)";"366.7 % (Novos óbitos: 14)"
"RJ";14;794;47;0.918;2.357;"91.8 % (Novos casos: 794)";"235.7 % (Novos óbitos: 47)"
"RJ";15;1461;106;0.84;1.255;"84 % (Novos casos: 1461)";"125.5 % (Novos óbitos: 106)"
"RJ";16;1910;232;0.307;1.189;"30.7 % (Novos casos: 1910)";"118.9 % (Novos óbitos: 232)"
"RJ";17;2346;243;0.228;0.047;"22.8 % (Novos casos: 2346)";"4.7 % (Novos óbitos: 243)"
"RJ";18;4028;374;0.717;0.539;"71.7 % (Novos casos: 4028)";"53.9 % (Novos óbitos: 374)"
"RJ";19;5923;695;0.47;0.858;"47 % (Novos casos: 5923)";"85.8 % (Novos óbitos: 695)"
"RJ";20;5176;1001;-0.126;0.44;"-12.6 % (Novos casos: 5176)";"44 % (Novos óbitos: 1001)"
"RJ";21;15674;1278;2.028;0.277;"202.8 % (Novos casos: 15674)";"27.7 % (Novos óbitos: 1278)"
"RJ";22;15476;1351;-0.013;0.057;"-1.3 % (Novos casos: 15476)";"5.7 % (Novos óbitos: 1351)"
"RJ";23;14368;1363;-0.072;0.009;"-7.2 % (Novos casos: 14368)";"0.9 % (Novos óbitos: 1363)"
"RJ";24;11816;965;-0.178;-0.292;"-17.8 % (Novos casos: 11816)";"-29.2 % (Novos óbitos: 965)"
"RJ";25;16561;1203;0.402;0.247;"40.2 % (Novos casos: 16561)";"24.7 % (Novos óbitos: 1203)"
"RJ";26;15165;944;-0.084;-0.215;"-8.4 % (Novos casos: 15165)";"-21.5 % (Novos óbitos: 944)"
"RJ";27;9994;848;-0.341;-0.102;"-34.1 % (Novos casos: 9994)";"-10.2 % (Novos óbitos: 848)"
"RJ";28;8392;748;-0.16;-0.118;"-16 % (Novos casos: 8392)";"-11.8 % (Novos óbitos: 748)"
"RJ";29;8840;699;0.053;-0.066;"5.3 % (Novos casos: 8840)";"-6.6 % (Novos óbitos: 699)"
"RJ";30;17801;721;1.014;0.031;"101.4 % (Novos casos: 17801)";"3.1 % (Novos óbitos: 721)"
"RJ";31;10900;737;-0.388;0.022;"-38.8 % (Novos casos: 10900)";"2.2 % (Novos óbitos: 737)"
"RJ";32;11625;508;0.067;-0.311;"6.7 % (Novos casos: 11625)";"-31.1 % (Novos óbitos: 508)"
"RJ";33;15429;482;0.327;-0.051;"32.7 % (Novos casos: 15429)";"-5.1 % (Novos óbitos: 482)"
"RJ";34;16669;730;0.08;0.515;"8 % (Novos casos: 16669)";"51.5 % (Novos óbitos: 730)"
"RJ";35;12354;735;-0.259;0.007;"-25.9 % (Novos casos: 12354)";"0.7 % (Novos óbitos: 735)"
"RJ";36;9516;541;-0.23;-0.264;"-23 % (Novos casos: 9516)";"-26.4 % (Novos óbitos: 541)"
"RJ";37;9673;422;0.016;-0.22;"1.6 % (Novos casos: 9673)";"-22 % (Novos óbitos: 422)"
"RJ";38;3691;352;-0.618;-0.166;"-61.8 % (Novos casos: 3691)";"-16.6 % (Novos óbitos: 352)"
"RN";13;55;1;0;0;"0 % (Novos casos: 55)";"0 % (Novos óbitos: 1)"
"RN";14;174;6;2.164;5;"216.4 % (Novos casos: 174)";"500 % (Novos óbitos: 6)"
"RN";15;60;8;-0.655;0.333;"-65.5 % (Novos casos: 60)";"33.3 % (Novos óbitos: 8)"
"RN";16;229;10;2.817;0.25;"281.7 % (Novos casos: 229)";"25 % (Novos óbitos: 10)"
"RN";17;294;19;0.284;0.9;"28.4 % (Novos casos: 294)";"90 % (Novos óbitos: 19)"
"RN";18;567;17;0.929;-0.105;"92.9 % (Novos casos: 567)";"-10.5 % (Novos óbitos: 17)"
"RN";19;536;27;-0.055;0.588;"-5.5 % (Novos casos: 536)";"58.8 % (Novos óbitos: 27)"
"RN";20;1209;51;1.256;0.889;"125.6 % (Novos casos: 1209)";"88.9 % (Novos óbitos: 51)"
"RN";21;1560;61;0.29;0.196;"29 % (Novos casos: 1560)";"19.6 % (Novos óbitos: 61)"
"RN";22;2705;105;0.734;0.721;"73.4 % (Novos casos: 2705)";"72.1 % (Novos óbitos: 105)"
"RN";23;2050;119;-0.242;0.133;"-24.2 % (Novos casos: 2050)";"13.3 % (Novos óbitos: 119)"
"RN";24;4719;110;1.302;-0.076;"130.2 % (Novos casos: 4719)";"-7.6 % (Novos óbitos: 110)"
"RN";25;5119;163;0.085;0.482;"8.5 % (Novos casos: 5119)";"48.2 % (Novos óbitos: 163)"
"RN";26;5166;240;0.009;0.472;"0.9 % (Novos casos: 5166)";"47.2 % (Novos óbitos: 240)"
"RN";27;10189;276;0.972;0.15;"97.2 % (Novos casos: 10189)";"15 % (Novos óbitos: 276)"
"RN";28;4776;181;-0.531;-0.344;"-53.1 % (Novos casos: 4776)";"-34.4 % (Novos óbitos: 181)"
"RN";29;4345;183;-0.09;0.011;"-9 % (Novos casos: 4345)";"1.1 % (Novos óbitos: 183)"
"RN";30;3333;101;-0.233;-0.448;"-23.3 % (Novos casos: 3333)";"-44.8 % (Novos óbitos: 101)"
"RN";31;4746;205;0.424;1.03;"42.4 % (Novos casos: 4746)";"103 % (Novos óbitos: 205)"
"RN";32;3445;89;-0.274;-0.566;"-27.4 % (Novos casos: 3445)";"-56.6 % (Novos óbitos: 89)"
"RN";33;2430;95;-0.295;0.067;"-29.5 % (Novos casos: 2430)";"6.7 % (Novos óbitos: 95)"
"RN";34;1862;103;-0.234;0.084;"-23.4 % (Novos casos: 1862)";"8.4 % (Novos óbitos: 103)"
"RN";35;2067;78;0.11;-0.243;"11 % (Novos casos: 2067)";"-24.3 % (Novos óbitos: 78)"
"RN";36;2152;38;0.041;-0.513;"4.1 % (Novos casos: 2152)";"-51.3 % (Novos óbitos: 38)"
"RN";37;1499;29;-0.303;-0.237;"-30.3 % (Novos casos: 1499)";"-23.7 % (Novos óbitos: 29)"
"RN";38;633;15;-0.578;-0.483;"-57.8 % (Novos casos: 633)";"-48.3 % (Novos óbitos: 15)"
"RO";14;1;0;0;0;"0 % (Novos casos: 1)";"0 % (Novos óbitos: 0)"
"RO";15;23;1;22;0;"2200 % (Novos casos: 23)";"0 % (Novos óbitos: 1)"
"RO";16;93;2;3.043;1;"304.3 % (Novos casos: 93)";"100 % (Novos óbitos: 2)"
"RO";17;236;6;1.538;2;"153.8 % (Novos casos: 236)";"200 % (Novos óbitos: 6)"
"RO";18;341;14;0.445;1.333;"44.5 % (Novos casos: 341)";"133.3 % (Novos óbitos: 14)"
"RO";19;597;19;0.751;0.357;"75.1 % (Novos casos: 597)";"35.7 % (Novos óbitos: 19)"
"RO";20;661;31;0.107;0.632;"10.7 % (Novos casos: 661)";"63.2 % (Novos óbitos: 31)"
"RO";21;1238;47;0.873;0.516;"87.3 % (Novos casos: 1238)";"51.6 % (Novos óbitos: 47)"
"RO";22;1741;35;0.406;-0.255;"40.6 % (Novos casos: 1741)";"-25.5 % (Novos óbitos: 35)"
"RO";23;3168;79;0.82;1.257;"82 % (Novos casos: 3168)";"125.7 % (Novos óbitos: 79)"
"RO";24;3755;89;0.185;0.127;"18.5 % (Novos casos: 3755)";"12.7 % (Novos óbitos: 89)"
"RO";25;3316;93;-0.117;0.045;"-11.7 % (Novos casos: 3316)";"4.5 % (Novos óbitos: 93)"
"RO";26;4639;69;0.399;-0.258;"39.9 % (Novos casos: 4639)";"-25.8 % (Novos óbitos: 69)"
"RO";27;3659;69;-0.211;0;"-21.1 % (Novos casos: 3659)";"0 % (Novos óbitos: 69)"
"RO";28;3249;73;-0.112;0.058;"-11.2 % (Novos casos: 3249)";"5.8 % (Novos óbitos: 73)"
"RO";29;2389;58;-0.265;-0.205;"-26.5 % (Novos casos: 2389)";"-20.5 % (Novos óbitos: 58)"
"RO";30;6693;128;1.802;1.207;"180.2 % (Novos casos: 6693)";"120.7 % (Novos óbitos: 128)"
"RO";31;4083;70;-0.39;-0.453;"-39 % (Novos casos: 4083)";"-45.3 % (Novos óbitos: 70)"
"RO";32;4117;59;0.008;-0.157;"0.8 % (Novos casos: 4117)";"-15.7 % (Novos óbitos: 59)"
"RO";33;3827;70;-0.07;0.186;"-7 % (Novos casos: 3827)";"18.6 % (Novos óbitos: 70)"
"RO";34;3584;52;-0.063;-0.257;"-6.3 % (Novos casos: 3584)";"-25.7 % (Novos óbitos: 52)"
"RO";35;3258;64;-0.091;0.231;"-9.1 % (Novos casos: 3258)";"23.1 % (Novos óbitos: 64)"
"RO";36;3387;56;0.04;-0.125;"4 % (Novos casos: 3387)";"-12.5 % (Novos óbitos: 56)"
"RO";37;2418;61;-0.286;0.089;"-28.6 % (Novos casos: 2418)";"8.9 % (Novos óbitos: 61)"
"RO";38;1135;31;-0.531;-0.492;"-53.1 % (Novos casos: 1135)";"-49.2 % (Novos óbitos: 31)"
"RR";13;4;0;0;0;"0 % (Novos casos: 4)";"0 % (Novos óbitos: 0)"
"RR";14;26;1;5.5;0;"550 % (Novos casos: 26)";"0 % (Novos óbitos: 1)"
"RR";15;37;2;0.423;1;"42.3 % (Novos casos: 37)";"100 % (Novos óbitos: 2)"
"RR";16;143;0;2.865;-1;"286.5 % (Novos casos: 143)";"-100 % (Novos óbitos: 0)"
"RR";17;179;1;0.252;0;"25.2 % (Novos casos: 179)";"0 % (Novos óbitos: 1)"
"RR";18;339;7;0.894;6;"89.4 % (Novos casos: 339)";"600 % (Novos óbitos: 7)"
"RR";19;550;10;0.622;0.429;"62.2 % (Novos casos: 550)";"42.9 % (Novos óbitos: 10)"
"RR";20;501;30;-0.089;2;"-8.9 % (Novos casos: 501)";"200 % (Novos óbitos: 30)"
"RR";21;648;33;0.293;0.1;"29.3 % (Novos casos: 648)";"10 % (Novos óbitos: 33)"
"RR";22;1035;32;0.597;-0.03;"59.7 % (Novos casos: 1035)";"-3 % (Novos óbitos: 32)"
"RR";23;2055;26;0.986;-0.188;"98.6 % (Novos casos: 2055)";"-18.8 % (Novos óbitos: 26)"
"RR";24;1346;58;-0.345;1.231;"-34.5 % (Novos casos: 1346)";"123.1 % (Novos óbitos: 58)"
"RR";25;1245;51;-0.075;-0.121;"-7.5 % (Novos casos: 1245)";"-12.1 % (Novos óbitos: 51)"
"RR";26;6221;30;3.997;-0.412;"399.7 % (Novos casos: 6221)";"-41.2 % (Novos óbitos: 30)"
"RR";27;4581;87;-0.264;1.9;"-26.4 % (Novos casos: 4581)";"190 % (Novos óbitos: 87)"
"RR";28;3303;28;-0.279;-0.678;"-27.9 % (Novos casos: 3303)";"-67.8 % (Novos óbitos: 28)"
"RR";29;3242;33;-0.018;0.179;"-1.8 % (Novos casos: 3242)";"17.9 % (Novos óbitos: 33)"
"RR";30;4362;44;0.345;0.333;"34.5 % (Novos casos: 4362)";"33.3 % (Novos óbitos: 44)"
"RR";31;3322;40;-0.238;-0.091;"-23.8 % (Novos casos: 3322)";"-9.1 % (Novos óbitos: 40)"
"RR";32;3236;34;-0.026;-0.15;"-2.6 % (Novos casos: 3236)";"-15 % (Novos óbitos: 34)"
"RR";33;3236;21;0;-0.382;"0 % (Novos casos: 3236)";"-38.2 % (Novos óbitos: 21)"
"RR";34;2107;11;-0.349;-0.476;"-34.9 % (Novos casos: 2107)";"-47.6 % (Novos óbitos: 11)"
"RR";35;1740;8;-0.174;-0.273;"-17.4 % (Novos casos: 1740)";"-27.3 % (Novos óbitos: 8)"
"RR";36;1667;11;-0.042;0.375;"-4.2 % (Novos casos: 1667)";"37.5 % (Novos óbitos: 11)"
"RR";37;1341;12;-0.196;0.091;"-19.6 % (Novos casos: 1341)";"9.1 % (Novos óbitos: 12)"
"RR";38;686;1;-0.488;-0.917;"-48.8 % (Novos casos: 686)";"-91.7 % (Novos óbitos: 1)"
"RS";12;53;0;0;0;"0 % (Novos casos: 53)";"0 % (Novos óbitos: 0)"
"RS";13;154;2;1.906;0;"190.6 % (Novos casos: 154)";"0 % (Novos óbitos: 2)"
"RS";14;192;5;0.247;1.5;"24.7 % (Novos casos: 192)";"150 % (Novos óbitos: 5)"
"RS";15;235;9;0.224;0.8;"22.4 % (Novos casos: 235)";"80 % (Novos óbitos: 9)"
"RS";16;201;8;-0.145;-0.111;"-14.5 % (Novos casos: 201)";"-11.1 % (Novos óbitos: 8)"
"RS";17;312;11;0.552;0.375;"55.2 % (Novos casos: 312)";"37.5 % (Novos óbitos: 11)"
"RS";18;500;30;0.603;1.727;"60.3 % (Novos casos: 500)";"172.7 % (Novos óbitos: 30)"
"RS";19;876;32;0.752;0.067;"75.2 % (Novos casos: 876)";"6.7 % (Novos óbitos: 32)"
"RS";20;1193;45;0.362;0.406;"36.2 % (Novos casos: 1193)";"40.6 % (Novos óbitos: 45)"
"RS";21;2735;38;1.293;-0.156;"129.3 % (Novos casos: 2735)";"-15.6 % (Novos óbitos: 38)"
"RS";22;2862;44;0.046;0.158;"4.6 % (Novos casos: 2862)";"15.8 % (Novos óbitos: 44)"
"RS";23;2803;62;-0.021;0.409;"-2.1 % (Novos casos: 2803)";"40.9 % (Novos óbitos: 62)"
"RS";24;2526;64;-0.099;0.032;"-9.9 % (Novos casos: 2526)";"3.2 % (Novos óbitos: 64)"
"RS";25;4687;84;0.856;0.312;"85.6 % (Novos casos: 4687)";"31.2 % (Novos óbitos: 84)"
"RS";26;5895;125;0.258;0.488;"25.8 % (Novos casos: 5895)";"48.8 % (Novos óbitos: 125)"
"RS";27;6712;168;0.139;0.344;"13.9 % (Novos casos: 6712)";"34.4 % (Novos óbitos: 168)"
"RS";28;7285;235;0.085;0.399;"8.5 % (Novos casos: 7285)";"39.9 % (Novos óbitos: 235)"
"RS";29;7873;290;0.081;0.234;"8.1 % (Novos casos: 7873)";"23.4 % (Novos óbitos: 290)"
"RS";30;12666;319;0.609;0.1;"60.9 % (Novos casos: 12666)";"10 % (Novos óbitos: 319)"
"RS";31;11261;403;-0.111;0.263;"-11.1 % (Novos casos: 11261)";"26.3 % (Novos óbitos: 403)"
"RS";32;12951;386;0.15;-0.042;"15 % (Novos casos: 12951)";"-4.2 % (Novos óbitos: 386)"
"RS";33;13886;329;0.072;-0.148;"7.2 % (Novos casos: 13886)";"-14.8 % (Novos óbitos: 329)"
"RS";34;11996;373;-0.136;0.134;"-13.6 % (Novos casos: 11996)";"13.4 % (Novos óbitos: 373)"
"RS";35;14609;333;0.218;-0.107;"21.8 % (Novos casos: 14609)";"-10.7 % (Novos óbitos: 333)"
"RS";36;19432;344;0.33;0.033;"33 % (Novos casos: 19432)";"3.3 % (Novos óbitos: 344)"
"RS";37;12989;316;-0.332;-0.081;"-33.2 % (Novos casos: 12989)";"-8.1 % (Novos óbitos: 316)"
"RS";38;7470;161;-0.425;-0.491;"-42.5 % (Novos casos: 7470)";"-49.1 % (Novos óbitos: 161)"
"SC";12;37;0;0;0;"0 % (Novos casos: 37)";"0 % (Novos óbitos: 0)"
"SC";13;137;1;2.703;0;"270.3 % (Novos casos: 137)";"0 % (Novos óbitos: 1)"
"SC";14;163;9;0.19;8;"19 % (Novos casos: 163)";"800 % (Novos óbitos: 9)"
"SC";15;411;14;1.521;0.556;"152.1 % (Novos casos: 411)";"55.6 % (Novos óbitos: 14)"
"SC";16;207;8;-0.496;-0.429;"-49.6 % (Novos casos: 207)";"-42.9 % (Novos óbitos: 8)"
"SC";17;260;10;0.256;0.25;"25.6 % (Novos casos: 260)";"25 % (Novos óbitos: 10)"
"SC";18;1111;10;3.273;0;"327.3 % (Novos casos: 1111)";"0 % (Novos óbitos: 10)"
"SC";19;1083;13;-0.025;0.3;"-2.5 % (Novos casos: 1083)";"30 % (Novos óbitos: 13)"
"SC";20;1347;18;0.244;0.385;"24.4 % (Novos casos: 1347)";"38.5 % (Novos óbitos: 18)"
"SC";21;1920;22;0.425;0.222;"42.5 % (Novos casos: 1920)";"22.2 % (Novos óbitos: 22)"
"SC";22;2341;38;0.219;0.727;"21.9 % (Novos casos: 2341)";"72.7 % (Novos óbitos: 38)"
"SC";23;2528;28;0.08;-0.263;"8 % (Novos casos: 2528)";"-26.3 % (Novos óbitos: 28)"
"SC";24;1795;24;-0.29;-0.143;"-29 % (Novos casos: 1795)";"-14.3 % (Novos óbitos: 24)"
"SC";25;4222;51;1.352;1.125;"135.2 % (Novos casos: 4222)";"112.5 % (Novos óbitos: 51)"
"SC";26;6782;66;0.606;0.294;"60.6 % (Novos casos: 6782)";"29.4 % (Novos óbitos: 66)"
"SC";27;8605;81;0.269;0.227;"26.9 % (Novos casos: 8605)";"22.7 % (Novos óbitos: 81)"
"SC";28;10062;104;0.169;0.284;"16.9 % (Novos casos: 10062)";"28.4 % (Novos óbitos: 104)"
"SC";29;10305;188;0.024;0.808;"2.4 % (Novos casos: 10305)";"80.8 % (Novos óbitos: 188)"
"SC";30;15394;222;0.494;0.181;"49.4 % (Novos casos: 15394)";"18.1 % (Novos óbitos: 222)"
"SC";31;19252;268;0.251;0.207;"25.1 % (Novos casos: 19252)";"20.7 % (Novos óbitos: 268)"
"SC";32;17953;270;-0.067;0.007;"-6.7 % (Novos casos: 17953)";"0.7 % (Novos óbitos: 270)"
"SC";33;14945;352;-0.168;0.304;"-16.8 % (Novos casos: 14945)";"30.4 % (Novos óbitos: 352)"
"SC";34;11612;245;-0.223;-0.304;"-22.3 % (Novos casos: 11612)";"-30.4 % (Novos óbitos: 245)"
"SC";35;14372;193;0.238;-0.212;"23.8 % (Novos casos: 14372)";"-21.2 % (Novos óbitos: 193)"
"SC";36;42164;170;1.934;-0.119;"193.4 % (Novos casos: 42164)";"-11.9 % (Novos óbitos: 170)"
"SC";37;8717;124;-0.793;-0.271;"-79.3 % (Novos casos: 8717)";"-27.1 % (Novos óbitos: 124)"
"SC";38;3937;64;-0.548;-0.484;"-54.8 % (Novos casos: 3937)";"-48.4 % (Novos óbitos: 64)"
"SE";13;1;0;0;0;"0 % (Novos casos: 1)";"0 % (Novos óbitos: 0)"
"SE";14;16;3;15;0;"1500 % (Novos casos: 16)";"0 % (Novos óbitos: 3)"
"SE";15;12;1;-0.25;-0.667;"-25 % (Novos casos: 12)";"-66.7 % (Novos óbitos: 1)"
"SE";16;39;1;2.25;0;"225 % (Novos casos: 39)";"0 % (Novos óbitos: 1)"
"SE";17;76;4;0.949;3;"94.9 % (Novos casos: 76)";"300 % (Novos óbitos: 4)"
"SE";18;571;5;6.513;0.25;"651.3 % (Novos casos: 571)";"25 % (Novos óbitos: 5)"
"SE";19;1041;20;0.823;3;"82.3 % (Novos casos: 1041)";"300 % (Novos óbitos: 20)"
"SE";20;1572;23;0.51;0.15;"51 % (Novos casos: 1572)";"15 % (Novos óbitos: 23)"
"SE";21;1971;36;0.254;0.565;"25.4 % (Novos casos: 1971)";"56.5 % (Novos óbitos: 36)"
"SE";22;1685;65;-0.145;0.806;"-14.5 % (Novos casos: 1685)";"80.6 % (Novos óbitos: 65)"
"SE";23;2291;59;0.36;-0.092;"36 % (Novos casos: 2291)";"-9.2 % (Novos óbitos: 59)"
"SE";24;4678;113;1.042;0.915;"104.2 % (Novos casos: 4678)";"91.5 % (Novos óbitos: 113)"
"SE";25;5017;132;0.072;0.168;"7.2 % (Novos casos: 5017)";"16.8 % (Novos óbitos: 132)"
"SE";26;5436;158;0.084;0.197;"8.4 % (Novos casos: 5436)";"19.7 % (Novos óbitos: 158)"
"SE";27;5796;178;0.066;0.127;"6.6 % (Novos casos: 5796)";"12.7 % (Novos óbitos: 178)"
"SE";28;7414;186;0.279;0.045;"27.9 % (Novos casos: 7414)";"4.5 % (Novos óbitos: 186)"
"SE";29;7612;141;0.027;-0.242;"2.7 % (Novos casos: 7612)";"-24.2 % (Novos óbitos: 141)"
"SE";30;7360;189;-0.033;0.34;"-3.3 % (Novos casos: 7360)";"34 % (Novos óbitos: 189)"
"SE";31;7432;151;0.01;-0.201;"1 % (Novos casos: 7432)";"-20.1 % (Novos óbitos: 151)"
"SE";32;4658;124;-0.373;-0.179;"-37.3 % (Novos casos: 4658)";"-17.9 % (Novos óbitos: 124)"
"SE";33;3304;116;-0.291;-0.065;"-29.1 % (Novos casos: 3304)";"-6.5 % (Novos óbitos: 116)"
"SE";34;2475;77;-0.251;-0.336;"-25.1 % (Novos casos: 2475)";"-33.6 % (Novos óbitos: 77)"
"SE";35;1945;62;-0.214;-0.195;"-21.4 % (Novos casos: 1945)";"-19.5 % (Novos óbitos: 62)"
"SE";36;1323;49;-0.32;-0.21;"-32 % (Novos casos: 1323)";"-21 % (Novos óbitos: 49)"
"SE";37;1093;56;-0.174;0.143;"-17.4 % (Novos casos: 1093)";"14.3 % (Novos óbitos: 56)"
"SE";38;509;16;-0.534;-0.714;"-53.4 % (Novos casos: 509)";"-71.4 % (Novos óbitos: 16)"
"SP";10;3;0;0;0;"0 % (Novos casos: 3)";"0 % (Novos óbitos: 0)"
"SP";11;120;0;39;0;"3900 % (Novos casos: 120)";"0 % (Novos óbitos: 0)"
"SP";12;495;22;3.125;0;"312.5 % (Novos casos: 495)";"0 % (Novos óbitos: 22)"
"SP";13;820;76;0.657;2.455;"65.7 % (Novos casos: 820)";"245.5 % (Novos óbitos: 76)"
"SP";14;3169;177;2.865;1.329;"286.5 % (Novos casos: 3169)";"132.9 % (Novos óbitos: 177)"
"SP";15;4135;313;0.305;0.768;"30.5 % (Novos casos: 4135)";"76.8 % (Novos óbitos: 313)"
"SP";16;5512;427;0.333;0.364;"33.3 % (Novos casos: 5512)";"36.4 % (Novos óbitos: 427)"
"SP";17;6448;685;0.17;0.604;"17 % (Novos casos: 6448)";"60.4 % (Novos óbitos: 685)"
"SP";18;11057;927;0.715;0.353;"71.5 % (Novos casos: 11057)";"35.3 % (Novos óbitos: 927)"
"SP";19;13672;1082;0.237;0.167;"23.7 % (Novos casos: 13672)";"16.7 % (Novos óbitos: 1082)"
"SP";20;16901;1073;0.236;-0.008;"23.6 % (Novos casos: 16901)";"-0.8 % (Novos óbitos: 1073)"
"SP";21;19816;1381;0.172;0.287;"17.2 % (Novos casos: 19816)";"28.7 % (Novos óbitos: 1381)"
"SP";22;27537;1452;0.39;0.051;"39 % (Novos casos: 27537)";"5.1 % (Novos óbitos: 1452)"
"SP";23;33375;1530;0.212;0.054;"21.2 % (Novos casos: 33375)";"5.4 % (Novos óbitos: 1530)"
"SP";24;35129;1549;0.053;0.012;"5.3 % (Novos casos: 35129)";"1.2 % (Novos óbitos: 1549)"
"SP";25;40983;1894;0.167;0.223;"16.7 % (Novos casos: 40983)";"22.3 % (Novos óbitos: 1894)"
"SP";26;52552;1750;0.282;-0.076;"28.2 % (Novos casos: 52552)";"-7.6 % (Novos óbitos: 1750)"
"SP";27;48442;1740;-0.078;-0.006;"-7.8 % (Novos casos: 48442)";"-0.6 % (Novos óbitos: 1740)"
"SP";28;51818;1770;0.07;0.017;"7 % (Novos casos: 51818)";"1.7 % (Novos óbitos: 1770)"
"SP";29;43052;1884;-0.169;0.064;"-16.9 % (Novos casos: 43052)";"6.4 % (Novos óbitos: 1884)"
"SP";30;68933;1874;0.601;-0.005;"60.1 % (Novos casos: 68933)";"-0.5 % (Novos óbitos: 1874)"
"SP";31;74703;1711;0.084;-0.087;"8.4 % (Novos casos: 74703)";"-8.7 % (Novos óbitos: 1711)"
"SP";32;68441;1797;-0.084;0.05;"-8.4 % (Novos casos: 68441)";"5 % (Novos óbitos: 1797)"
"SP";33;72367;1738;0.057;-0.033;"5.7 % (Novos casos: 72367)";"-3.3 % (Novos óbitos: 1738)"
"SP";34;54636;1615;-0.245;-0.071;"-24.5 % (Novos casos: 54636)";"-7.1 % (Novos óbitos: 1615)"
"SP";35;49275;1511;-0.098;-0.064;"-9.8 % (Novos casos: 49275)";"-6.4 % (Novos óbitos: 1511)"
"SP";36;52318;1375;0.062;-0.09;"6.2 % (Novos casos: 52318)";"-9 % (Novos óbitos: 1375)"
"SP";37;36535;1253;-0.302;-0.089;"-30.2 % (Novos casos: 36535)";"-8.9 % (Novos óbitos: 1253)"
"SP";38;17171;647;-0.53;-0.484;"-53 % (Novos casos: 17171)";"-48.4 % (Novos óbitos: 647)"
"TO";14;6;0;0;0;"0 % (Novos casos: 6)";"0 % (Novos óbitos: 0)"
"TO";15;8;0;0.333;0;"33.3 % (Novos casos: 8)";"0 % (Novos óbitos: 0)"
"TO";16;8;1;0;0;"0 % (Novos casos: 8)";"0 % (Novos óbitos: 1)"
"TO";17;25;1;2.125;0;"212.5 % (Novos casos: 25)";"0 % (Novos óbitos: 1)"
"TO";18;188;2;6.52;1;"652 % (Novos casos: 188)";"100 % (Novos óbitos: 2)"
"TO";19;442;7;1.351;2.5;"135.1 % (Novos casos: 442)";"250 % (Novos óbitos: 7)"
"TO";20;694;20;0.57;1.857;"57 % (Novos casos: 694)";"185.7 % (Novos óbitos: 20)"
"TO";21;1209;21;0.742;0.05;"74.2 % (Novos casos: 1209)";"5 % (Novos óbitos: 21)"
"TO";22;1585;21;0.311;0;"31.1 % (Novos casos: 1585)";"0 % (Novos óbitos: 21)"
"TO";23;1468;26;-0.074;0.238;"-7.4 % (Novos casos: 1468)";"23.8 % (Novos óbitos: 26)"
"TO";24;1328;33;-0.095;0.269;"-9.5 % (Novos casos: 1328)";"26.9 % (Novos óbitos: 33)"
"TO";25;1382;43;0.041;0.303;"4.1 % (Novos casos: 1382)";"30.3 % (Novos óbitos: 43)"
"TO";26;1874;17;0.356;-0.605;"35.6 % (Novos casos: 1874)";"-60.5 % (Novos óbitos: 17)"
"TO";27;2247;28;0.199;0.647;"19.9 % (Novos casos: 2247)";"64.7 % (Novos óbitos: 28)"
"TO";28;2657;35;0.182;0.25;"18.2 % (Novos casos: 2657)";"25 % (Novos óbitos: 35)"
"TO";29;2641;39;-0.006;0.114;"-0.6 % (Novos casos: 2641)";"11.4 % (Novos óbitos: 39)"
"TO";30;3994;52;0.512;0.333;"51.2 % (Novos casos: 3994)";"33.3 % (Novos óbitos: 52)"
"TO";31;4667;49;0.169;-0.058;"16.9 % (Novos casos: 4667)";"-5.8 % (Novos óbitos: 49)"
"TO";32;5229;56;0.12;0.143;"12 % (Novos casos: 5229)";"14.3 % (Novos óbitos: 56)"
"TO";33;5326;60;0.019;0.071;"1.9 % (Novos casos: 5326)";"7.1 % (Novos óbitos: 60)"
"TO";34;6607;74;0.241;0.233;"24.1 % (Novos casos: 6607)";"23.3 % (Novos óbitos: 74)"
"TO";35;6777;79;0.026;0.068;"2.6 % (Novos casos: 6777)";"6.8 % (Novos óbitos: 79)"
"TO";36;5140;84;-0.242;0.063;"-24.2 % (Novos casos: 5140)";"6.3 % (Novos óbitos: 84)"
"TO";37;4209;58;-0.181;-0.31;"-18.1 % (Novos casos: 4209)";"-31 % (Novos óbitos: 58)"
"TO";38;1549;25;-0.632;-0.569;"-63.2 % (Novos casos: 1549)";"-56.9 % (Novos óbitos: 25)"
