regiao;estado;data;casosNovos;casosAcumulados;obitosNovos;obitosAcumulados
Norte;RO;2020-01-30;0;0;0;0
Norte;RO;2020-01-31;0;0;0;0
Norte;RO;2020-02-01;0;0;0;0
Norte;RO;2020-02-02;0;0;0;0
Norte;RO;2020-02-03;0;0;0;0
Norte;RO;2020-02-04;0;0;0;0
Norte;RO;2020-02-05;0;0;0;0
Norte;RO;2020-02-06;0;0;0;0
Norte;RO;2020-02-07;0;0;0;0
Norte;RO;2020-02-08;0;0;0;0
Norte;RO;2020-02-09;0;0;0;0
Norte;RO;2020-02-10;0;0;0;0
Norte;RO;2020-02-11;0;0;0;0
Norte;RO;2020-02-12;0;0;0;0
Norte;RO;2020-02-13;0;0;0;0
Norte;RO;2020-02-14;0;0;0;0
Norte;RO;2020-02-15;0;0;0;0
Norte;RO;2020-02-16;0;0;0;0
Norte;RO;2020-02-17;0;0;0;0
Norte;RO;2020-02-18;0;0;0;0
Norte;RO;2020-02-19;0;0;0;0
Norte;RO;2020-02-20;0;0;0;0
Norte;RO;2020-02-21;0;0;0;0
Norte;RO;2020-02-22;0;0;0;0
Norte;RO;2020-02-23;0;0;0;0
Norte;RO;2020-02-24;0;0;0;0
Norte;RO;2020-02-25;0;0;0;0
Norte;RO;2020-02-26;0;0;0;0
Norte;RO;2020-02-27;0;0;0;0
Norte;RO;2020-02-28;0;0;0;0
Norte;RO;2020-02-29;0;0;0;0
Norte;RO;2020-03-01;0;0;0;0
Norte;RO;2020-03-02;0;0;0;0
Norte;RO;2020-03-03;0;0;0;0
Norte;RO;2020-03-04;0;0;0;0
Norte;RO;2020-03-05;0;0;0;0
Norte;RO;2020-03-06;0;0;0;0
Norte;RO;2020-03-07;0;0;0;0
Norte;RO;2020-03-08;0;0;0;0
Norte;RO;2020-03-09;0;0;0;0
Norte;RO;2020-03-10;0;0;0;0
Norte;RO;2020-03-11;0;0;0;0
Norte;RO;2020-03-12;0;0;0;0
Norte;RO;2020-03-13;0;0;0;0
Norte;RO;2020-03-14;0;0;0;0
Norte;RO;2020-03-15;0;0;0;0
Norte;RO;2020-03-16;0;0;0;0
Norte;RO;2020-03-17;0;0;0;0
Norte;RO;2020-03-18;0;0;0;0
Norte;RO;2020-03-19;0;0;0;0
Norte;RO;2020-03-20;1;1;0;0
Norte;RO;2020-03-21;0;1;0;0
Norte;RO;2020-03-22;2;3;0;0
Norte;RO;2020-03-23;0;3;0;0
Norte;RO;2020-03-24;0;3;0;0
Norte;RO;2020-03-25;2;5;0;0
Norte;RO;2020-03-26;0;5;0;0
Norte;RO;2020-03-27;1;6;0;0
Norte;RO;2020-03-28;0;6;0;0
Norte;RO;2020-03-29;0;6;0;0
Norte;RO;2020-03-30;0;6;0;0
Norte;RO;2020-03-31;2;8;1;1
Norte;RO;2020-04-01;1;9;0;1
Norte;RO;2020-04-02;1;10;0;1
Norte;RO;2020-04-03;0;10;0;1
Norte;RO;2020-04-04;1;11;0;1
Norte;RO;2020-04-05;1;12;0;1
Norte;RO;2020-04-06;2;14;0;1
Norte;RO;2020-04-07;4;18;0;1
Norte;RO;2020-04-08;0;18;0;1
Norte;RO;2020-04-09;10;28;1;2
Norte;RO;2020-04-10;4;32;0;2
Norte;RO;2020-04-11;1;33;0;2
Norte;RO;2020-04-12;2;35;0;2
Norte;RO;2020-04-13;7;42;0;2
Norte;RO;2020-04-14;22;64;0;2
Norte;AC;2020-01-30;0;0;0;0
Norte;AC;2020-01-31;0;0;0;0
Norte;AC;2020-02-01;0;0;0;0
Norte;AC;2020-02-02;0;0;0;0
Norte;AC;2020-02-03;0;0;0;0
Norte;AC;2020-02-04;0;0;0;0
Norte;AC;2020-02-05;0;0;0;0
Norte;AC;2020-02-06;0;0;0;0
Norte;AC;2020-02-07;0;0;0;0
Norte;AC;2020-02-08;0;0;0;0
Norte;AC;2020-02-09;0;0;0;0
Norte;AC;2020-02-10;0;0;0;0
Norte;AC;2020-02-11;0;0;0;0
Norte;AC;2020-02-12;0;0;0;0
Norte;AC;2020-02-13;0;0;0;0
Norte;AC;2020-02-14;0;0;0;0
Norte;AC;2020-02-15;0;0;0;0
Norte;AC;2020-02-16;0;0;0;0
Norte;AC;2020-02-17;0;0;0;0
Norte;AC;2020-02-18;0;0;0;0
Norte;AC;2020-02-19;0;0;0;0
Norte;AC;2020-02-20;0;0;0;0
Norte;AC;2020-02-21;0;0;0;0
Norte;AC;2020-02-22;0;0;0;0
Norte;AC;2020-02-23;0;0;0;0
Norte;AC;2020-02-24;0;0;0;0
Norte;AC;2020-02-25;0;0;0;0
Norte;AC;2020-02-26;0;0;0;0
Norte;AC;2020-02-27;0;0;0;0
Norte;AC;2020-02-28;0;0;0;0
Norte;AC;2020-02-29;0;0;0;0
Norte;AC;2020-03-01;0;0;0;0
Norte;AC;2020-03-02;0;0;0;0
Norte;AC;2020-03-03;0;0;0;0
Norte;AC;2020-03-04;0;0;0;0
Norte;AC;2020-03-05;0;0;0;0
Norte;AC;2020-03-06;0;0;0;0
Norte;AC;2020-03-07;0;0;0;0
Norte;AC;2020-03-08;0;0;0;0
Norte;AC;2020-03-09;0;0;0;0
Norte;AC;2020-03-10;0;0;0;0
Norte;AC;2020-03-11;0;0;0;0
Norte;AC;2020-03-12;0;0;0;0
Norte;AC;2020-03-13;0;0;0;0
Norte;AC;2020-03-14;0;0;0;0
Norte;AC;2020-03-15;0;0;0;0
Norte;AC;2020-03-16;0;0;0;0
Norte;AC;2020-03-17;0;0;0;0
Norte;AC;2020-03-18;0;0;0;0
Norte;AC;2020-03-19;3;3;0;0
Norte;AC;2020-03-20;4;7;0;0
Norte;AC;2020-03-21;2;9;0;0
Norte;AC;2020-03-22;2;11;0;0
Norte;AC;2020-03-23;0;11;0;0
Norte;AC;2020-03-24;6;17;0;0
Norte;AC;2020-03-25;6;23;0;0
Norte;AC;2020-03-26;1;24;0;0
Norte;AC;2020-03-27;1;25;0;0
Norte;AC;2020-03-28;0;25;0;0
Norte;AC;2020-03-29;9;34;0;0
Norte;AC;2020-03-30;8;42;0;0
Norte;AC;2020-03-31;0;42;0;0
Norte;AC;2020-04-01;1;43;0;0
Norte;AC;2020-04-02;0;43;0;0
Norte;AC;2020-04-03;3;46;0;0
Norte;AC;2020-04-04;0;46;0;0
Norte;AC;2020-04-05;2;48;0;0
Norte;AC;2020-04-06;2;50;0;0
Norte;AC;2020-04-07;0;50;1;1
Norte;AC;2020-04-08;4;54;1;2
Norte;AC;2020-04-09;8;62;0;2
Norte;AC;2020-04-10;8;70;0;2
Norte;AC;2020-04-11;2;72;0;2
Norte;AC;2020-04-12;5;77;0;2
Norte;AC;2020-04-13;13;90;1;3
Norte;AC;2020-04-14;9;99;0;3
Norte;AM;2020-01-30;0;0;0;0
Norte;AM;2020-01-31;0;0;0;0
Norte;AM;2020-02-01;0;0;0;0
Norte;AM;2020-02-02;0;0;0;0
Norte;AM;2020-02-03;0;0;0;0
Norte;AM;2020-02-04;0;0;0;0
Norte;AM;2020-02-05;0;0;0;0
Norte;AM;2020-02-06;0;0;0;0
Norte;AM;2020-02-07;0;0;0;0
Norte;AM;2020-02-08;0;0;0;0
Norte;AM;2020-02-09;0;0;0;0
Norte;AM;2020-02-10;0;0;0;0
Norte;AM;2020-02-11;0;0;0;0
Norte;AM;2020-02-12;0;0;0;0
Norte;AM;2020-02-13;0;0;0;0
Norte;AM;2020-02-14;0;0;0;0
Norte;AM;2020-02-15;0;0;0;0
Norte;AM;2020-02-16;0;0;0;0
Norte;AM;2020-02-17;0;0;0;0
Norte;AM;2020-02-18;0;0;0;0
Norte;AM;2020-02-19;0;0;0;0
Norte;AM;2020-02-20;0;0;0;0
Norte;AM;2020-02-21;0;0;0;0
Norte;AM;2020-02-22;0;0;0;0
Norte;AM;2020-02-23;0;0;0;0
Norte;AM;2020-02-24;0;0;0;0
Norte;AM;2020-02-25;0;0;0;0
Norte;AM;2020-02-26;0;0;0;0
Norte;AM;2020-02-27;0;0;0;0
Norte;AM;2020-02-28;0;0;0;0
Norte;AM;2020-02-29;0;0;0;0
Norte;AM;2020-03-01;0;0;0;0
Norte;AM;2020-03-02;0;0;0;0
Norte;AM;2020-03-03;0;0;0;0
Norte;AM;2020-03-04;0;0;0;0
Norte;AM;2020-03-05;0;0;0;0
Norte;AM;2020-03-06;0;0;0;0
Norte;AM;2020-03-07;0;0;0;0
Norte;AM;2020-03-08;0;0;0;0
Norte;AM;2020-03-09;0;0;0;0
Norte;AM;2020-03-10;0;0;0;0
Norte;AM;2020-03-11;0;0;0;0
Norte;AM;2020-03-12;0;0;0;0
Norte;AM;2020-03-13;0;0;0;0
Norte;AM;2020-03-14;0;0;0;0
Norte;AM;2020-03-15;1;1;0;0
Norte;AM;2020-03-16;0;1;0;0
Norte;AM;2020-03-17;0;1;0;0
Norte;AM;2020-03-18;0;1;0;0
Norte;AM;2020-03-19;2;3;0;0
Norte;AM;2020-03-20;0;3;0;0
Norte;AM;2020-03-21;8;11;0;0
Norte;AM;2020-03-22;15;26;0;0
Norte;AM;2020-03-23;6;32;0;0
Norte;AM;2020-03-24;15;47;0;0
Norte;AM;2020-03-25;7;54;1;1
Norte;AM;2020-03-26;13;67;0;1
Norte;AM;2020-03-27;14;81;0;1
Norte;AM;2020-03-28;30;111;0;1
Norte;AM;2020-03-29;29;140;0;1
Norte;AM;2020-03-30;11;151;0;1
Norte;AM;2020-03-31;24;175;2;3
Norte;AM;2020-04-01;25;200;0;3
Norte;AM;2020-04-02;29;229;0;3
Norte;AM;2020-04-03;31;260;4;7
Norte;AM;2020-04-04;51;311;5;12
Norte;AM;2020-04-05;106;417;2;14
Norte;AM;2020-04-06;115;532;5;19
Norte;AM;2020-04-07;104;636;4;23
Norte;AM;2020-04-08;168;804;7;30
Norte;AM;2020-04-09;95;899;10;40
Norte;AM;2020-04-10;82;981;10;50
Norte;AM;2020-04-11;69;1050;3;53
Norte;AM;2020-04-12;156;1206;9;62
Norte;AM;2020-04-13;69;1275;9;71
Norte;AM;2020-04-14;209;1484;19;90
Norte;RR;2020-01-30;0;0;0;0
Norte;RR;2020-01-31;0;0;0;0
Norte;RR;2020-02-01;0;0;0;0
Norte;RR;2020-02-02;0;0;0;0
Norte;RR;2020-02-03;0;0;0;0
Norte;RR;2020-02-04;0;0;0;0
Norte;RR;2020-02-05;0;0;0;0
Norte;RR;2020-02-06;0;0;0;0
Norte;RR;2020-02-07;0;0;0;0
Norte;RR;2020-02-08;0;0;0;0
Norte;RR;2020-02-09;0;0;0;0
Norte;RR;2020-02-10;0;0;0;0
Norte;RR;2020-02-11;0;0;0;0
Norte;RR;2020-02-12;0;0;0;0
Norte;RR;2020-02-13;0;0;0;0
Norte;RR;2020-02-14;0;0;0;0
Norte;RR;2020-02-15;0;0;0;0
Norte;RR;2020-02-16;0;0;0;0
Norte;RR;2020-02-17;0;0;0;0
Norte;RR;2020-02-18;0;0;0;0
Norte;RR;2020-02-19;0;0;0;0
Norte;RR;2020-02-20;0;0;0;0
Norte;RR;2020-02-21;0;0;0;0
Norte;RR;2020-02-22;0;0;0;0
Norte;RR;2020-02-23;0;0;0;0
Norte;RR;2020-02-24;0;0;0;0
Norte;RR;2020-02-25;0;0;0;0
Norte;RR;2020-02-26;0;0;0;0
Norte;RR;2020-02-27;0;0;0;0
Norte;RR;2020-02-28;0;0;0;0
Norte;RR;2020-02-29;0;0;0;0
Norte;RR;2020-03-01;0;0;0;0
Norte;RR;2020-03-02;0;0;0;0
Norte;RR;2020-03-03;0;0;0;0
Norte;RR;2020-03-04;0;0;0;0
Norte;RR;2020-03-05;0;0;0;0
Norte;RR;2020-03-06;0;0;0;0
Norte;RR;2020-03-07;0;0;0;0
Norte;RR;2020-03-08;0;0;0;0
Norte;RR;2020-03-09;0;0;0;0
Norte;RR;2020-03-10;0;0;0;0
Norte;RR;2020-03-11;0;0;0;0
Norte;RR;2020-03-12;0;0;0;0
Norte;RR;2020-03-13;0;0;0;0
Norte;RR;2020-03-14;0;0;0;0
Norte;RR;2020-03-15;0;0;0;0
Norte;RR;2020-03-16;0;0;0;0
Norte;RR;2020-03-17;0;0;0;0
Norte;RR;2020-03-18;0;0;0;0
Norte;RR;2020-03-19;0;0;0;0
Norte;RR;2020-03-20;0;0;0;0
Norte;RR;2020-03-21;0;0;0;0
Norte;RR;2020-03-22;2;2;0;0
Norte;RR;2020-03-23;0;2;0;0
Norte;RR;2020-03-24;0;2;0;0
Norte;RR;2020-03-25;6;8;0;0
Norte;RR;2020-03-26;0;8;0;0
Norte;RR;2020-03-27;2;10;0;0
Norte;RR;2020-03-28;2;12;0;0
Norte;RR;2020-03-29;4;16;0;0
Norte;RR;2020-03-30;0;16;0;0
Norte;RR;2020-03-31;0;16;0;0
Norte;RR;2020-04-01;6;22;0;0
Norte;RR;2020-04-02;4;26;0;0
Norte;RR;2020-04-03;4;30;0;0
Norte;RR;2020-04-04;7;37;1;1
Norte;RR;2020-04-05;5;42;0;1
Norte;RR;2020-04-06;0;42;0;1
Norte;RR;2020-04-07;0;42;0;1
Norte;RR;2020-04-08;7;49;0;1
Norte;RR;2020-04-09;3;52;0;1
Norte;RR;2020-04-10;11;63;2;3
Norte;RR;2020-04-11;12;75;0;3
Norte;RR;2020-04-12;4;79;0;3
Norte;RR;2020-04-13;4;83;0;3
Norte;RR;2020-04-14;30;113;0;3
Norte;PA;2020-01-30;0;0;0;0
Norte;PA;2020-01-31;0;0;0;0
Norte;PA;2020-02-01;0;0;0;0
Norte;PA;2020-02-02;0;0;0;0
Norte;PA;2020-02-03;0;0;0;0
Norte;PA;2020-02-04;0;0;0;0
Norte;PA;2020-02-05;0;0;0;0
Norte;PA;2020-02-06;0;0;0;0
Norte;PA;2020-02-07;0;0;0;0
Norte;PA;2020-02-08;0;0;0;0
Norte;PA;2020-02-09;0;0;0;0
Norte;PA;2020-02-10;0;0;0;0
Norte;PA;2020-02-11;0;0;0;0
Norte;PA;2020-02-12;0;0;0;0
Norte;PA;2020-02-13;0;0;0;0
Norte;PA;2020-02-14;0;0;0;0
Norte;PA;2020-02-15;0;0;0;0
Norte;PA;2020-02-16;0;0;0;0
Norte;PA;2020-02-17;0;0;0;0
Norte;PA;2020-02-18;0;0;0;0
Norte;PA;2020-02-19;0;0;0;0
Norte;PA;2020-02-20;0;0;0;0
Norte;PA;2020-02-21;0;0;0;0
Norte;PA;2020-02-22;0;0;0;0
Norte;PA;2020-02-23;0;0;0;0
Norte;PA;2020-02-24;0;0;0;0
Norte;PA;2020-02-25;0;0;0;0
Norte;PA;2020-02-26;0;0;0;0
Norte;PA;2020-02-27;0;0;0;0
Norte;PA;2020-02-28;0;0;0;0
Norte;PA;2020-02-29;0;0;0;0
Norte;PA;2020-03-01;0;0;0;0
Norte;PA;2020-03-02;0;0;0;0
Norte;PA;2020-03-03;0;0;0;0
Norte;PA;2020-03-04;0;0;0;0
Norte;PA;2020-03-05;0;0;0;0
Norte;PA;2020-03-06;0;0;0;0
Norte;PA;2020-03-07;0;0;0;0
Norte;PA;2020-03-08;0;0;0;0
Norte;PA;2020-03-09;0;0;0;0
Norte;PA;2020-03-10;0;0;0;0
Norte;PA;2020-03-11;0;0;0;0
Norte;PA;2020-03-12;0;0;0;0
Norte;PA;2020-03-13;0;0;0;0
Norte;PA;2020-03-14;0;0;0;0
Norte;PA;2020-03-15;0;0;0;0
Norte;PA;2020-03-16;0;0;0;0
Norte;PA;2020-03-17;0;0;0;0
Norte;PA;2020-03-18;0;0;0;0
Norte;PA;2020-03-19;1;1;0;0
Norte;PA;2020-03-20;1;2;0;0
Norte;PA;2020-03-21;0;2;0;0
Norte;PA;2020-03-22;2;4;0;0
Norte;PA;2020-03-23;1;5;0;0
Norte;PA;2020-03-24;0;5;0;0
Norte;PA;2020-03-25;2;7;0;0
Norte;PA;2020-03-26;6;13;0;0
Norte;PA;2020-03-27;0;13;0;0
Norte;PA;2020-03-28;4;17;0;0
Norte;PA;2020-03-29;1;18;0;0
Norte;PA;2020-03-30;3;21;0;0
Norte;PA;2020-03-31;11;32;0;0
Norte;PA;2020-04-01;8;40;1;1
Norte;PA;2020-04-02;6;46;0;1
Norte;PA;2020-04-03;4;50;0;1
Norte;PA;2020-04-04;30;80;0;1
Norte;PA;2020-04-05;6;86;0;1
Norte;PA;2020-04-06;16;102;2;3
Norte;PA;2020-04-07;36;138;2;5
Norte;PA;2020-04-08;29;167;1;6
Norte;PA;2020-04-09;1;168;1;7
Norte;PA;2020-04-10;2;170;2;9
Norte;PA;2020-04-11;47;217;1;10
Norte;PA;2020-04-12;29;246;3;13
Norte;PA;2020-04-13;24;270;2;15
Norte;PA;2020-04-14;53;323;4;19
Norte;AP;2020-01-30;0;0;0;0
Norte;AP;2020-01-31;0;0;0;0
Norte;AP;2020-02-01;0;0;0;0
Norte;AP;2020-02-02;0;0;0;0
Norte;AP;2020-02-03;0;0;0;0
Norte;AP;2020-02-04;0;0;0;0
Norte;AP;2020-02-05;0;0;0;0
Norte;AP;2020-02-06;0;0;0;0
Norte;AP;2020-02-07;0;0;0;0
Norte;AP;2020-02-08;0;0;0;0
Norte;AP;2020-02-09;0;0;0;0
Norte;AP;2020-02-10;0;0;0;0
Norte;AP;2020-02-11;0;0;0;0
Norte;AP;2020-02-12;0;0;0;0
Norte;AP;2020-02-13;0;0;0;0
Norte;AP;2020-02-14;0;0;0;0
Norte;AP;2020-02-15;0;0;0;0
Norte;AP;2020-02-16;0;0;0;0
Norte;AP;2020-02-17;0;0;0;0
Norte;AP;2020-02-18;0;0;0;0
Norte;AP;2020-02-19;0;0;0;0
Norte;AP;2020-02-20;0;0;0;0
Norte;AP;2020-02-21;0;0;0;0
Norte;AP;2020-02-22;0;0;0;0
Norte;AP;2020-02-23;0;0;0;0
Norte;AP;2020-02-24;0;0;0;0
Norte;AP;2020-02-25;0;0;0;0
Norte;AP;2020-02-26;0;0;0;0
Norte;AP;2020-02-27;0;0;0;0
Norte;AP;2020-02-28;0;0;0;0
Norte;AP;2020-02-29;0;0;0;0
Norte;AP;2020-03-01;0;0;0;0
Norte;AP;2020-03-02;0;0;0;0
Norte;AP;2020-03-03;0;0;0;0
Norte;AP;2020-03-04;0;0;0;0
Norte;AP;2020-03-05;0;0;0;0
Norte;AP;2020-03-06;0;0;0;0
Norte;AP;2020-03-07;0;0;0;0
Norte;AP;2020-03-08;0;0;0;0
Norte;AP;2020-03-09;0;0;0;0
Norte;AP;2020-03-10;0;0;0;0
Norte;AP;2020-03-11;0;0;0;0
Norte;AP;2020-03-12;0;0;0;0
Norte;AP;2020-03-13;0;0;0;0
Norte;AP;2020-03-14;0;0;0;0
Norte;AP;2020-03-15;0;0;0;0
Norte;AP;2020-03-16;0;0;0;0
Norte;AP;2020-03-17;0;0;0;0
Norte;AP;2020-03-18;0;0;0;0
Norte;AP;2020-03-19;0;0;0;0
Norte;AP;2020-03-20;1;1;0;0
Norte;AP;2020-03-21;0;1;0;0
Norte;AP;2020-03-22;0;1;0;0
Norte;AP;2020-03-23;0;1;0;0
Norte;AP;2020-03-24;0;1;0;0
Norte;AP;2020-03-25;0;1;0;0
Norte;AP;2020-03-26;1;2;0;0
Norte;AP;2020-03-27;0;2;0;0
Norte;AP;2020-03-28;2;4;0;0
Norte;AP;2020-03-29;0;4;0;0
Norte;AP;2020-03-30;4;8;0;0
Norte;AP;2020-03-31;2;10;0;0
Norte;AP;2020-04-01;1;11;0;0
Norte;AP;2020-04-02;0;11;0;0
Norte;AP;2020-04-03;8;19;0;0
Norte;AP;2020-04-04;9;28;1;1
Norte;AP;2020-04-05;1;29;1;2
Norte;AP;2020-04-06;5;34;0;2
Norte;AP;2020-04-07;14;48;0;2
Norte;AP;2020-04-08;59;107;0;2
Norte;AP;2020-04-09;21;128;0;2
Norte;AP;2020-04-10;38;166;0;2
Norte;AP;2020-04-11;27;193;1;3
Norte;AP;2020-04-12;37;230;2;5
Norte;AP;2020-04-13;12;242;0;5
Norte;AP;2020-04-14;65;307;1;6
Norte;TO;2020-01-30;0;0;0;0
Norte;TO;2020-01-31;0;0;0;0
Norte;TO;2020-02-01;0;0;0;0
Norte;TO;2020-02-02;0;0;0;0
Norte;TO;2020-02-03;0;0;0;0
Norte;TO;2020-02-04;0;0;0;0
Norte;TO;2020-02-05;0;0;0;0
Norte;TO;2020-02-06;0;0;0;0
Norte;TO;2020-02-07;0;0;0;0
Norte;TO;2020-02-08;0;0;0;0
Norte;TO;2020-02-09;0;0;0;0
Norte;TO;2020-02-10;0;0;0;0
Norte;TO;2020-02-11;0;0;0;0
Norte;TO;2020-02-12;0;0;0;0
Norte;TO;2020-02-13;0;0;0;0
Norte;TO;2020-02-14;0;0;0;0
Norte;TO;2020-02-15;0;0;0;0
Norte;TO;2020-02-16;0;0;0;0
Norte;TO;2020-02-17;0;0;0;0
Norte;TO;2020-02-18;0;0;0;0
Norte;TO;2020-02-19;0;0;0;0
Norte;TO;2020-02-20;0;0;0;0
Norte;TO;2020-02-21;0;0;0;0
Norte;TO;2020-02-22;0;0;0;0
Norte;TO;2020-02-23;0;0;0;0
Norte;TO;2020-02-24;0;0;0;0
Norte;TO;2020-02-25;0;0;0;0
Norte;TO;2020-02-26;0;0;0;0
Norte;TO;2020-02-27;0;0;0;0
Norte;TO;2020-02-28;0;0;0;0
Norte;TO;2020-02-29;0;0;0;0
Norte;TO;2020-03-01;0;0;0;0
Norte;TO;2020-03-02;0;0;0;0
Norte;TO;2020-03-03;0;0;0;0
Norte;TO;2020-03-04;0;0;0;0
Norte;TO;2020-03-05;0;0;0;0
Norte;TO;2020-03-06;0;0;0;0
Norte;TO;2020-03-07;0;0;0;0
Norte;TO;2020-03-08;0;0;0;0
Norte;TO;2020-03-09;0;0;0;0
Norte;TO;2020-03-10;0;0;0;0
Norte;TO;2020-03-11;0;0;0;0
Norte;TO;2020-03-12;0;0;0;0
Norte;TO;2020-03-13;0;0;0;0
Norte;TO;2020-03-14;0;0;0;0
Norte;TO;2020-03-15;0;0;0;0
Norte;TO;2020-03-16;0;0;0;0
Norte;TO;2020-03-17;0;0;0;0
Norte;TO;2020-03-18;0;0;0;0
Norte;TO;2020-03-19;1;1;0;0
Norte;TO;2020-03-20;0;1;0;0
Norte;TO;2020-03-21;1;2;0;0
Norte;TO;2020-03-22;0;2;0;0
Norte;TO;2020-03-23;3;5;0;0
Norte;TO;2020-03-24;2;7;0;0
Norte;TO;2020-03-25;0;7;0;0
Norte;TO;2020-03-26;0;7;0;0
Norte;TO;2020-03-27;1;8;0;0
Norte;TO;2020-03-28;1;9;0;0
Norte;TO;2020-03-29;0;9;0;0
Norte;TO;2020-03-30;1;10;0;0
Norte;TO;2020-03-31;1;11;0;0
Norte;TO;2020-04-01;1;12;0;0
Norte;TO;2020-04-02;0;12;0;0
Norte;TO;2020-04-03;0;12;0;0
Norte;TO;2020-04-04;2;14;0;0
Norte;TO;2020-04-05;3;17;0;0
Norte;TO;2020-04-06;0;17;0;0
Norte;TO;2020-04-07;2;19;0;0
Norte;TO;2020-04-08;4;23;0;0
Norte;TO;2020-04-09;0;23;0;0
Norte;TO;2020-04-10;0;23;0;0
Norte;TO;2020-04-11;0;23;0;0
Norte;TO;2020-04-12;2;25;0;0
Norte;TO;2020-04-13;1;26;0;0
Norte;TO;2020-04-14;0;26;0;0
Nordeste;MA;2020-01-30;0;0;0;0
Nordeste;MA;2020-01-31;0;0;0;0
Nordeste;MA;2020-02-01;0;0;0;0
Nordeste;MA;2020-02-02;0;0;0;0
Nordeste;MA;2020-02-03;0;0;0;0
Nordeste;MA;2020-02-04;0;0;0;0
Nordeste;MA;2020-02-05;0;0;0;0
Nordeste;MA;2020-02-06;0;0;0;0
Nordeste;MA;2020-02-07;0;0;0;0
Nordeste;MA;2020-02-08;0;0;0;0
Nordeste;MA;2020-02-09;0;0;0;0
Nordeste;MA;2020-02-10;0;0;0;0
Nordeste;MA;2020-02-11;0;0;0;0
Nordeste;MA;2020-02-12;0;0;0;0
Nordeste;MA;2020-02-13;0;0;0;0
Nordeste;MA;2020-02-14;0;0;0;0
Nordeste;MA;2020-02-15;0;0;0;0
Nordeste;MA;2020-02-16;0;0;0;0
Nordeste;MA;2020-02-17;0;0;0;0
Nordeste;MA;2020-02-18;0;0;0;0
Nordeste;MA;2020-02-19;0;0;0;0
Nordeste;MA;2020-02-20;0;0;0;0
Nordeste;MA;2020-02-21;0;0;0;0
Nordeste;MA;2020-02-22;0;0;0;0
Nordeste;MA;2020-02-23;0;0;0;0
Nordeste;MA;2020-02-24;0;0;0;0
Nordeste;MA;2020-02-25;0;0;0;0
Nordeste;MA;2020-02-26;0;0;0;0
Nordeste;MA;2020-02-27;0;0;0;0
Nordeste;MA;2020-02-28;0;0;0;0
Nordeste;MA;2020-02-29;0;0;0;0
Nordeste;MA;2020-03-01;0;0;0;0
Nordeste;MA;2020-03-02;0;0;0;0
Nordeste;MA;2020-03-03;0;0;0;0
Nordeste;MA;2020-03-04;0;0;0;0
Nordeste;MA;2020-03-05;0;0;0;0
Nordeste;MA;2020-03-06;0;0;0;0
Nordeste;MA;2020-03-07;0;0;0;0
Nordeste;MA;2020-03-08;0;0;0;0
Nordeste;MA;2020-03-09;0;0;0;0
Nordeste;MA;2020-03-10;0;0;0;0
Nordeste;MA;2020-03-11;0;0;0;0
Nordeste;MA;2020-03-12;0;0;0;0
Nordeste;MA;2020-03-13;0;0;0;0
Nordeste;MA;2020-03-14;0;0;0;0
Nordeste;MA;2020-03-15;0;0;0;0
Nordeste;MA;2020-03-16;0;0;0;0
Nordeste;MA;2020-03-17;0;0;0;0
Nordeste;MA;2020-03-18;0;0;0;0
Nordeste;MA;2020-03-19;0;0;0;0
Nordeste;MA;2020-03-20;0;0;0;0
Nordeste;MA;2020-03-21;1;1;0;0
Nordeste;MA;2020-03-22;1;2;0;0
Nordeste;MA;2020-03-23;0;2;0;0
Nordeste;MA;2020-03-24;6;8;0;0
Nordeste;MA;2020-03-25;0;8;0;0
Nordeste;MA;2020-03-26;2;10;0;0
Nordeste;MA;2020-03-27;3;13;0;0
Nordeste;MA;2020-03-28;1;14;0;0
Nordeste;MA;2020-03-29;2;16;0;0
Nordeste;MA;2020-03-30;7;23;1;1
Nordeste;MA;2020-03-31;8;31;0;1
Nordeste;MA;2020-04-01;21;52;0;1
Nordeste;MA;2020-04-02;19;71;0;1
Nordeste;MA;2020-04-03;10;81;0;1
Nordeste;MA;2020-04-04;7;88;0;1
Nordeste;MA;2020-04-05;8;96;1;2
Nordeste;MA;2020-04-06;37;133;0;2
Nordeste;MA;2020-04-07;39;172;2;4
Nordeste;MA;2020-04-08;58;230;7;11
Nordeste;MA;2020-04-09;43;273;1;12
Nordeste;MA;2020-04-10;20;293;4;16
Nordeste;MA;2020-04-11;51;344;5;21
Nordeste;MA;2020-04-12;54;398;3;24
Nordeste;MA;2020-04-13;47;445;3;27
Nordeste;MA;2020-04-14;33;478;5;32
Nordeste;PI;2020-01-30;0;0;0;0
Nordeste;PI;2020-01-31;0;0;0;0
Nordeste;PI;2020-02-01;0;0;0;0
Nordeste;PI;2020-02-02;0;0;0;0
Nordeste;PI;2020-02-03;0;0;0;0
Nordeste;PI;2020-02-04;0;0;0;0
Nordeste;PI;2020-02-05;0;0;0;0
Nordeste;PI;2020-02-06;0;0;0;0
Nordeste;PI;2020-02-07;0;0;0;0
Nordeste;PI;2020-02-08;0;0;0;0
Nordeste;PI;2020-02-09;0;0;0;0
Nordeste;PI;2020-02-10;0;0;0;0
Nordeste;PI;2020-02-11;0;0;0;0
Nordeste;PI;2020-02-12;0;0;0;0
Nordeste;PI;2020-02-13;0;0;0;0
Nordeste;PI;2020-02-14;0;0;0;0
Nordeste;PI;2020-02-15;0;0;0;0
Nordeste;PI;2020-02-16;0;0;0;0
Nordeste;PI;2020-02-17;0;0;0;0
Nordeste;PI;2020-02-18;0;0;0;0
Nordeste;PI;2020-02-19;0;0;0;0
Nordeste;PI;2020-02-20;0;0;0;0
Nordeste;PI;2020-02-21;0;0;0;0
Nordeste;PI;2020-02-22;0;0;0;0
Nordeste;PI;2020-02-23;0;0;0;0
Nordeste;PI;2020-02-24;0;0;0;0
Nordeste;PI;2020-02-25;0;0;0;0
Nordeste;PI;2020-02-26;0;0;0;0
Nordeste;PI;2020-02-27;0;0;0;0
Nordeste;PI;2020-02-28;0;0;0;0
Nordeste;PI;2020-02-29;0;0;0;0
Nordeste;PI;2020-03-01;0;0;0;0
Nordeste;PI;2020-03-02;0;0;0;0
Nordeste;PI;2020-03-03;0;0;0;0
Nordeste;PI;2020-03-04;0;0;0;0
Nordeste;PI;2020-03-05;0;0;0;0
Nordeste;PI;2020-03-06;0;0;0;0
Nordeste;PI;2020-03-07;0;0;0;0
Nordeste;PI;2020-03-08;0;0;0;0
Nordeste;PI;2020-03-09;0;0;0;0
Nordeste;PI;2020-03-10;0;0;0;0
Nordeste;PI;2020-03-11;0;0;0;0
Nordeste;PI;2020-03-12;0;0;0;0
Nordeste;PI;2020-03-13;0;0;0;0
Nordeste;PI;2020-03-14;0;0;0;0
Nordeste;PI;2020-03-15;0;0;0;0
Nordeste;PI;2020-03-16;0;0;0;0
Nordeste;PI;2020-03-17;0;0;0;0
Nordeste;PI;2020-03-18;0;0;0;0
Nordeste;PI;2020-03-19;0;0;0;0
Nordeste;PI;2020-03-20;3;3;0;0
Nordeste;PI;2020-03-21;1;4;0;0
Nordeste;PI;2020-03-22;0;4;0;0
Nordeste;PI;2020-03-23;2;6;0;0
Nordeste;PI;2020-03-24;0;6;0;0
Nordeste;PI;2020-03-25;2;8;0;0
Nordeste;PI;2020-03-26;1;9;0;0
Nordeste;PI;2020-03-27;0;9;0;0
Nordeste;PI;2020-03-28;2;11;1;1
Nordeste;PI;2020-03-29;3;14;0;1
Nordeste;PI;2020-03-30;2;16;2;3
Nordeste;PI;2020-03-31;2;18;1;4
Nordeste;PI;2020-04-01;0;18;0;4
Nordeste;PI;2020-04-02;1;19;0;4
Nordeste;PI;2020-04-03;2;21;0;4
Nordeste;PI;2020-04-04;1;22;0;4
Nordeste;PI;2020-04-05;1;23;0;4
Nordeste;PI;2020-04-06;0;23;0;4
Nordeste;PI;2020-04-07;5;28;0;4
Nordeste;PI;2020-04-08;3;31;1;5
Nordeste;PI;2020-04-09;7;38;1;6
Nordeste;PI;2020-04-10;2;40;1;7
Nordeste;PI;2020-04-11;1;41;0;7
Nordeste;PI;2020-04-12;3;44;0;7
Nordeste;PI;2020-04-13;6;50;1;8
Nordeste;PI;2020-04-14;8;58;0;8
Nordeste;CE;2020-01-30;0;0;0;0
Nordeste;CE;2020-01-31;0;0;0;0
Nordeste;CE;2020-02-01;0;0;0;0
Nordeste;CE;2020-02-02;0;0;0;0
Nordeste;CE;2020-02-03;0;0;0;0
Nordeste;CE;2020-02-04;0;0;0;0
Nordeste;CE;2020-02-05;0;0;0;0
Nordeste;CE;2020-02-06;0;0;0;0
Nordeste;CE;2020-02-07;0;0;0;0
Nordeste;CE;2020-02-08;0;0;0;0
Nordeste;CE;2020-02-09;0;0;0;0
Nordeste;CE;2020-02-10;0;0;0;0
Nordeste;CE;2020-02-11;0;0;0;0
Nordeste;CE;2020-02-12;0;0;0;0
Nordeste;CE;2020-02-13;0;0;0;0
Nordeste;CE;2020-02-14;0;0;0;0
Nordeste;CE;2020-02-15;0;0;0;0
Nordeste;CE;2020-02-16;0;0;0;0
Nordeste;CE;2020-02-17;0;0;0;0
Nordeste;CE;2020-02-18;0;0;0;0
Nordeste;CE;2020-02-19;0;0;0;0
Nordeste;CE;2020-02-20;0;0;0;0
Nordeste;CE;2020-02-21;0;0;0;0
Nordeste;CE;2020-02-22;0;0;0;0
Nordeste;CE;2020-02-23;0;0;0;0
Nordeste;CE;2020-02-24;0;0;0;0
Nordeste;CE;2020-02-25;0;0;0;0
Nordeste;CE;2020-02-26;0;0;0;0
Nordeste;CE;2020-02-27;0;0;0;0
Nordeste;CE;2020-02-28;0;0;0;0
Nordeste;CE;2020-02-29;0;0;0;0
Nordeste;CE;2020-03-01;0;0;0;0
Nordeste;CE;2020-03-02;0;0;0;0
Nordeste;CE;2020-03-03;0;0;0;0
Nordeste;CE;2020-03-04;0;0;0;0
Nordeste;CE;2020-03-05;0;0;0;0
Nordeste;CE;2020-03-06;0;0;0;0
Nordeste;CE;2020-03-07;0;0;0;0
Nordeste;CE;2020-03-08;0;0;0;0
Nordeste;CE;2020-03-09;0;0;0;0
Nordeste;CE;2020-03-10;0;0;0;0
Nordeste;CE;2020-03-11;0;0;0;0
Nordeste;CE;2020-03-12;0;0;0;0
Nordeste;CE;2020-03-13;0;0;0;0
Nordeste;CE;2020-03-14;0;0;0;0
Nordeste;CE;2020-03-15;0;0;0;0
Nordeste;CE;2020-03-16;0;0;0;0
Nordeste;CE;2020-03-17;5;5;0;0
Nordeste;CE;2020-03-18;4;9;0;0
Nordeste;CE;2020-03-19;11;20;0;0
Nordeste;CE;2020-03-20;35;55;0;0
Nordeste;CE;2020-03-21;13;68;0;0
Nordeste;CE;2020-03-22;44;112;0;0
Nordeste;CE;2020-03-23;51;163;0;0
Nordeste;CE;2020-03-24;19;182;0;0
Nordeste;CE;2020-03-25;18;200;0;0
Nordeste;CE;2020-03-26;35;235;3;3
Nordeste;CE;2020-03-27;47;282;0;3
Nordeste;CE;2020-03-28;32;314;1;4
Nordeste;CE;2020-03-29;34;348;1;5
Nordeste;CE;2020-03-30;24;372;0;5
Nordeste;CE;2020-03-31;18;390;2;7
Nordeste;CE;2020-04-01;54;444;1;8
Nordeste;CE;2020-04-02;106;550;12;20
Nordeste;CE;2020-04-03;77;627;2;22
Nordeste;CE;2020-04-04;103;730;0;22
Nordeste;CE;2020-04-05;93;823;4;26
Nordeste;CE;2020-04-06;190;1013;3;29
Nordeste;CE;2020-04-07;38;1051;2;31
Nordeste;CE;2020-04-08;240;1291;12;43
Nordeste;CE;2020-04-09;134;1425;12;55
Nordeste;CE;2020-04-10;53;1478;3;58
Nordeste;CE;2020-04-11;104;1582;9;67
Nordeste;CE;2020-04-12;94;1676;7;74
Nordeste;CE;2020-04-13;124;1800;17;91
Nordeste;CE;2020-04-14;205;2005;16;107
Nordeste;RN;2020-01-30;0;0;0;0
Nordeste;RN;2020-01-31;0;0;0;0
Nordeste;RN;2020-02-01;0;0;0;0
Nordeste;RN;2020-02-02;0;0;0;0
Nordeste;RN;2020-02-03;0;0;0;0
Nordeste;RN;2020-02-04;0;0;0;0
Nordeste;RN;2020-02-05;0;0;0;0
Nordeste;RN;2020-02-06;0;0;0;0
Nordeste;RN;2020-02-07;0;0;0;0
Nordeste;RN;2020-02-08;0;0;0;0
Nordeste;RN;2020-02-09;0;0;0;0
Nordeste;RN;2020-02-10;0;0;0;0
Nordeste;RN;2020-02-11;0;0;0;0
Nordeste;RN;2020-02-12;0;0;0;0
Nordeste;RN;2020-02-13;0;0;0;0
Nordeste;RN;2020-02-14;0;0;0;0
Nordeste;RN;2020-02-15;0;0;0;0
Nordeste;RN;2020-02-16;0;0;0;0
Nordeste;RN;2020-02-17;0;0;0;0
Nordeste;RN;2020-02-18;0;0;0;0
Nordeste;RN;2020-02-19;0;0;0;0
Nordeste;RN;2020-02-20;0;0;0;0
Nordeste;RN;2020-02-21;0;0;0;0
Nordeste;RN;2020-02-22;0;0;0;0
Nordeste;RN;2020-02-23;0;0;0;0
Nordeste;RN;2020-02-24;0;0;0;0
Nordeste;RN;2020-02-25;0;0;0;0
Nordeste;RN;2020-02-26;0;0;0;0
Nordeste;RN;2020-02-27;0;0;0;0
Nordeste;RN;2020-02-28;0;0;0;0
Nordeste;RN;2020-02-29;0;0;0;0
Nordeste;RN;2020-03-01;0;0;0;0
Nordeste;RN;2020-03-02;0;0;0;0
Nordeste;RN;2020-03-03;0;0;0;0
Nordeste;RN;2020-03-04;0;0;0;0
Nordeste;RN;2020-03-05;0;0;0;0
Nordeste;RN;2020-03-06;0;0;0;0
Nordeste;RN;2020-03-07;0;0;0;0
Nordeste;RN;2020-03-08;0;0;0;0
Nordeste;RN;2020-03-09;0;0;0;0
Nordeste;RN;2020-03-10;0;0;0;0
Nordeste;RN;2020-03-11;0;0;0;0
Nordeste;RN;2020-03-12;0;0;0;0
Nordeste;RN;2020-03-13;1;1;0;0
Nordeste;RN;2020-03-14;0;1;0;0
Nordeste;RN;2020-03-15;0;1;0;0
Nordeste;RN;2020-03-16;0;1;0;0
Nordeste;RN;2020-03-17;0;1;0;0
Nordeste;RN;2020-03-18;0;1;0;0
Nordeste;RN;2020-03-19;0;1;0;0
Nordeste;RN;2020-03-20;0;1;0;0
Nordeste;RN;2020-03-21;5;6;0;0
Nordeste;RN;2020-03-22;3;9;0;0
Nordeste;RN;2020-03-23;4;13;0;0
Nordeste;RN;2020-03-24;0;13;0;0
Nordeste;RN;2020-03-25;1;14;0;0
Nordeste;RN;2020-03-26;5;19;0;0
Nordeste;RN;2020-03-27;9;28;0;0
Nordeste;RN;2020-03-28;17;45;0;0
Nordeste;RN;2020-03-29;23;68;1;1
Nordeste;RN;2020-03-30;9;77;0;1
Nordeste;RN;2020-03-31;5;82;0;1
Nordeste;RN;2020-04-01;10;92;1;2
Nordeste;RN;2020-04-02;13;105;0;2
Nordeste;RN;2020-04-03;71;176;2;4
Nordeste;RN;2020-04-04;36;212;1;5
Nordeste;RN;2020-04-05;30;242;2;7
Nordeste;RN;2020-04-06;4;246;0;7
Nordeste;RN;2020-04-07;8;254;1;8
Nordeste;RN;2020-04-08;7;261;3;11
Nordeste;RN;2020-04-09;0;261;0;11
Nordeste;RN;2020-04-10;2;263;0;11
Nordeste;RN;2020-04-11;26;289;2;13
Nordeste;RN;2020-04-12;13;302;2;15
Nordeste;RN;2020-04-13;37;339;2;17
Nordeste;RN;2020-04-14;37;376;1;18
Nordeste;PB;2020-01-30;0;0;0;0
Nordeste;PB;2020-01-31;0;0;0;0
Nordeste;PB;2020-02-01;0;0;0;0
Nordeste;PB;2020-02-02;0;0;0;0
Nordeste;PB;2020-02-03;0;0;0;0
Nordeste;PB;2020-02-04;0;0;0;0
Nordeste;PB;2020-02-05;0;0;0;0
Nordeste;PB;2020-02-06;0;0;0;0
Nordeste;PB;2020-02-07;0;0;0;0
Nordeste;PB;2020-02-08;0;0;0;0
Nordeste;PB;2020-02-09;0;0;0;0
Nordeste;PB;2020-02-10;0;0;0;0
Nordeste;PB;2020-02-11;0;0;0;0
Nordeste;PB;2020-02-12;0;0;0;0
Nordeste;PB;2020-02-13;0;0;0;0
Nordeste;PB;2020-02-14;0;0;0;0
Nordeste;PB;2020-02-15;0;0;0;0
Nordeste;PB;2020-02-16;0;0;0;0
Nordeste;PB;2020-02-17;0;0;0;0
Nordeste;PB;2020-02-18;0;0;0;0
Nordeste;PB;2020-02-19;0;0;0;0
Nordeste;PB;2020-02-20;0;0;0;0
Nordeste;PB;2020-02-21;0;0;0;0
Nordeste;PB;2020-02-22;0;0;0;0
Nordeste;PB;2020-02-23;0;0;0;0
Nordeste;PB;2020-02-24;0;0;0;0
Nordeste;PB;2020-02-25;0;0;0;0
Nordeste;PB;2020-02-26;0;0;0;0
Nordeste;PB;2020-02-27;0;0;0;0
Nordeste;PB;2020-02-28;0;0;0;0
Nordeste;PB;2020-02-29;0;0;0;0
Nordeste;PB;2020-03-01;0;0;0;0
Nordeste;PB;2020-03-02;0;0;0;0
Nordeste;PB;2020-03-03;0;0;0;0
Nordeste;PB;2020-03-04;0;0;0;0
Nordeste;PB;2020-03-05;0;0;0;0
Nordeste;PB;2020-03-06;0;0;0;0
Nordeste;PB;2020-03-07;0;0;0;0
Nordeste;PB;2020-03-08;0;0;0;0
Nordeste;PB;2020-03-09;0;0;0;0
Nordeste;PB;2020-03-10;0;0;0;0
Nordeste;PB;2020-03-11;0;0;0;0
Nordeste;PB;2020-03-12;0;0;0;0
Nordeste;PB;2020-03-13;0;0;0;0
Nordeste;PB;2020-03-14;0;0;0;0
Nordeste;PB;2020-03-15;0;0;0;0
Nordeste;PB;2020-03-16;0;0;0;0
Nordeste;PB;2020-03-17;0;0;0;0
Nordeste;PB;2020-03-18;0;0;0;0
Nordeste;PB;2020-03-19;1;1;0;0
Nordeste;PB;2020-03-20;0;1;0;0
Nordeste;PB;2020-03-21;0;1;0;0
Nordeste;PB;2020-03-22;0;1;0;0
Nordeste;PB;2020-03-23;1;2;0;0
Nordeste;PB;2020-03-24;1;3;0;0
Nordeste;PB;2020-03-25;0;3;0;0
Nordeste;PB;2020-03-26;2;5;0;0
Nordeste;PB;2020-03-27;4;9;0;0
Nordeste;PB;2020-03-28;5;14;0;0
Nordeste;PB;2020-03-29;0;14;0;0
Nordeste;PB;2020-03-30;1;15;0;0
Nordeste;PB;2020-03-31;2;17;0;0
Nordeste;PB;2020-04-01;3;20;1;1
Nordeste;PB;2020-04-02;1;21;0;1
Nordeste;PB;2020-04-03;8;29;0;1
Nordeste;PB;2020-04-04;3;32;1;2
Nordeste;PB;2020-04-05;2;34;2;4
Nordeste;PB;2020-04-06;1;35;0;4
Nordeste;PB;2020-04-07;1;36;0;4
Nordeste;PB;2020-04-08;5;41;0;4
Nordeste;PB;2020-04-09;14;55;3;7
Nordeste;PB;2020-04-10;24;79;4;11
Nordeste;PB;2020-04-11;6;85;0;11
Nordeste;PB;2020-04-12;16;101;2;13
Nordeste;PB;2020-04-13;10;111;0;13
Nordeste;PB;2020-04-14;25;136;3;16
Nordeste;PE;2020-01-30;0;0;0;0
Nordeste;PE;2020-01-31;0;0;0;0
Nordeste;PE;2020-02-01;0;0;0;0
Nordeste;PE;2020-02-02;0;0;0;0
Nordeste;PE;2020-02-03;0;0;0;0
Nordeste;PE;2020-02-04;0;0;0;0
Nordeste;PE;2020-02-05;0;0;0;0
Nordeste;PE;2020-02-06;0;0;0;0
Nordeste;PE;2020-02-07;0;0;0;0
Nordeste;PE;2020-02-08;0;0;0;0
Nordeste;PE;2020-02-09;0;0;0;0
Nordeste;PE;2020-02-10;0;0;0;0
Nordeste;PE;2020-02-11;0;0;0;0
Nordeste;PE;2020-02-12;0;0;0;0
Nordeste;PE;2020-02-13;0;0;0;0
Nordeste;PE;2020-02-14;0;0;0;0
Nordeste;PE;2020-02-15;0;0;0;0
Nordeste;PE;2020-02-16;0;0;0;0
Nordeste;PE;2020-02-17;0;0;0;0
Nordeste;PE;2020-02-18;0;0;0;0
Nordeste;PE;2020-02-19;0;0;0;0
Nordeste;PE;2020-02-20;0;0;0;0
Nordeste;PE;2020-02-21;0;0;0;0
Nordeste;PE;2020-02-22;0;0;0;0
Nordeste;PE;2020-02-23;0;0;0;0
Nordeste;PE;2020-02-24;0;0;0;0
Nordeste;PE;2020-02-25;0;0;0;0
Nordeste;PE;2020-02-26;0;0;0;0
Nordeste;PE;2020-02-27;0;0;0;0
Nordeste;PE;2020-02-28;0;0;0;0
Nordeste;PE;2020-02-29;0;0;0;0
Nordeste;PE;2020-03-01;0;0;0;0
Nordeste;PE;2020-03-02;0;0;0;0
Nordeste;PE;2020-03-03;0;0;0;0
Nordeste;PE;2020-03-04;0;0;0;0
Nordeste;PE;2020-03-05;0;0;0;0
Nordeste;PE;2020-03-06;0;0;0;0
Nordeste;PE;2020-03-07;0;0;0;0
Nordeste;PE;2020-03-08;0;0;0;0
Nordeste;PE;2020-03-09;0;0;0;0
Nordeste;PE;2020-03-10;0;0;0;0
Nordeste;PE;2020-03-11;0;0;0;0
Nordeste;PE;2020-03-12;2;2;0;0
Nordeste;PE;2020-03-13;0;2;0;0
Nordeste;PE;2020-03-14;0;2;0;0
Nordeste;PE;2020-03-15;0;2;0;0
Nordeste;PE;2020-03-16;0;2;0;0
Nordeste;PE;2020-03-17;14;16;0;0
Nordeste;PE;2020-03-18;0;16;0;0
Nordeste;PE;2020-03-19;12;28;0;0
Nordeste;PE;2020-03-20;2;30;0;0
Nordeste;PE;2020-03-21;0;30;0;0
Nordeste;PE;2020-03-22;7;37;0;0
Nordeste;PE;2020-03-23;5;42;0;0
Nordeste;PE;2020-03-24;0;42;0;0
Nordeste;PE;2020-03-25;4;46;1;1
Nordeste;PE;2020-03-26;2;48;2;3
Nordeste;PE;2020-03-27;8;56;1;4
Nordeste;PE;2020-03-28;12;68;1;5
Nordeste;PE;2020-03-29;5;73;0;5
Nordeste;PE;2020-03-30;5;78;1;6
Nordeste;PE;2020-03-31;9;87;0;6
Nordeste;PE;2020-04-01;8;95;2;8
Nordeste;PE;2020-04-02;11;106;1;9
Nordeste;PE;2020-04-03;30;136;1;10
Nordeste;PE;2020-04-04;40;176;4;14
Nordeste;PE;2020-04-05;25;201;7;21
Nordeste;PE;2020-04-06;22;223;9;30
Nordeste;PE;2020-04-07;129;352;4;34
Nordeste;PE;2020-04-08;49;401;12;46
Nordeste;PE;2020-04-09;154;555;10;56
Nordeste;PE;2020-04-10;129;684;9;65
Nordeste;PE;2020-04-11;132;816;7;72
Nordeste;PE;2020-04-12;144;960;13;85
Nordeste;PE;2020-04-13;194;1154;17;102
Nordeste;PE;2020-04-14;130;1284;13;115
Nordeste;AL;2020-01-30;0;0;0;0
Nordeste;AL;2020-01-31;0;0;0;0
Nordeste;AL;2020-02-01;0;0;0;0
Nordeste;AL;2020-02-02;0;0;0;0
Nordeste;AL;2020-02-03;0;0;0;0
Nordeste;AL;2020-02-04;0;0;0;0
Nordeste;AL;2020-02-05;0;0;0;0
Nordeste;AL;2020-02-06;0;0;0;0
Nordeste;AL;2020-02-07;0;0;0;0
Nordeste;AL;2020-02-08;0;0;0;0
Nordeste;AL;2020-02-09;0;0;0;0
Nordeste;AL;2020-02-10;0;0;0;0
Nordeste;AL;2020-02-11;0;0;0;0
Nordeste;AL;2020-02-12;0;0;0;0
Nordeste;AL;2020-02-13;0;0;0;0
Nordeste;AL;2020-02-14;0;0;0;0
Nordeste;AL;2020-02-15;0;0;0;0
Nordeste;AL;2020-02-16;0;0;0;0
Nordeste;AL;2020-02-17;0;0;0;0
Nordeste;AL;2020-02-18;0;0;0;0
Nordeste;AL;2020-02-19;0;0;0;0
Nordeste;AL;2020-02-20;0;0;0;0
Nordeste;AL;2020-02-21;0;0;0;0
Nordeste;AL;2020-02-22;0;0;0;0
Nordeste;AL;2020-02-23;0;0;0;0
Nordeste;AL;2020-02-24;0;0;0;0
Nordeste;AL;2020-02-25;0;0;0;0
Nordeste;AL;2020-02-26;0;0;0;0
Nordeste;AL;2020-02-27;0;0;0;0
Nordeste;AL;2020-02-28;0;0;0;0
Nordeste;AL;2020-02-29;0;0;0;0
Nordeste;AL;2020-03-01;0;0;0;0
Nordeste;AL;2020-03-02;0;0;0;0
Nordeste;AL;2020-03-03;0;0;0;0
Nordeste;AL;2020-03-04;0;0;0;0
Nordeste;AL;2020-03-05;0;0;0;0
Nordeste;AL;2020-03-06;0;0;0;0
Nordeste;AL;2020-03-07;0;0;0;0
Nordeste;AL;2020-03-08;1;1;0;0
Nordeste;AL;2020-03-09;0;1;0;0
Nordeste;AL;2020-03-10;0;1;0;0
Nordeste;AL;2020-03-11;0;1;0;0
Nordeste;AL;2020-03-12;0;1;0;0
Nordeste;AL;2020-03-13;0;1;0;0
Nordeste;AL;2020-03-14;0;1;0;0
Nordeste;AL;2020-03-15;0;1;0;0
Nordeste;AL;2020-03-16;0;1;0;0
Nordeste;AL;2020-03-17;0;1;0;0
Nordeste;AL;2020-03-18;0;1;0;0
Nordeste;AL;2020-03-19;3;4;0;0
Nordeste;AL;2020-03-20;1;5;0;0
Nordeste;AL;2020-03-21;2;7;0;0
Nordeste;AL;2020-03-22;0;7;0;0
Nordeste;AL;2020-03-23;0;7;0;0
Nordeste;AL;2020-03-24;2;9;0;0
Nordeste;AL;2020-03-25;2;11;0;0
Nordeste;AL;2020-03-26;0;11;0;0
Nordeste;AL;2020-03-27;0;11;0;0
Nordeste;AL;2020-03-28;3;14;0;0
Nordeste;AL;2020-03-29;3;17;0;0
Nordeste;AL;2020-03-30;0;17;0;0
Nordeste;AL;2020-03-31;1;18;1;1
Nordeste;AL;2020-04-01;0;18;0;1
Nordeste;AL;2020-04-02;0;18;0;1
Nordeste;AL;2020-04-03;4;22;1;2
Nordeste;AL;2020-04-04;1;23;0;2
Nordeste;AL;2020-04-05;5;28;0;2
Nordeste;AL;2020-04-06;3;31;0;2
Nordeste;AL;2020-04-07;1;32;0;2
Nordeste;AL;2020-04-08;5;37;0;2
Nordeste;AL;2020-04-09;0;37;1;3
Nordeste;AL;2020-04-10;8;45;0;3
Nordeste;AL;2020-04-11;3;48;0;3
Nordeste;AL;2020-04-12;0;48;0;3
Nordeste;AL;2020-04-13;2;50;0;3
Nordeste;AL;2020-04-14;22;72;1;4
Nordeste;SE;2020-01-30;0;0;0;0
Nordeste;SE;2020-01-31;0;0;0;0
Nordeste;SE;2020-02-01;0;0;0;0
Nordeste;SE;2020-02-02;0;0;0;0
Nordeste;SE;2020-02-03;0;0;0;0
Nordeste;SE;2020-02-04;0;0;0;0
Nordeste;SE;2020-02-05;0;0;0;0
Nordeste;SE;2020-02-06;0;0;0;0
Nordeste;SE;2020-02-07;0;0;0;0
Nordeste;SE;2020-02-08;0;0;0;0
Nordeste;SE;2020-02-09;0;0;0;0
Nordeste;SE;2020-02-10;0;0;0;0
Nordeste;SE;2020-02-11;0;0;0;0
Nordeste;SE;2020-02-12;0;0;0;0
Nordeste;SE;2020-02-13;0;0;0;0
Nordeste;SE;2020-02-14;0;0;0;0
Nordeste;SE;2020-02-15;0;0;0;0
Nordeste;SE;2020-02-16;0;0;0;0
Nordeste;SE;2020-02-17;0;0;0;0
Nordeste;SE;2020-02-18;0;0;0;0
Nordeste;SE;2020-02-19;0;0;0;0
Nordeste;SE;2020-02-20;0;0;0;0
Nordeste;SE;2020-02-21;0;0;0;0
Nordeste;SE;2020-02-22;0;0;0;0
Nordeste;SE;2020-02-23;0;0;0;0
Nordeste;SE;2020-02-24;0;0;0;0
Nordeste;SE;2020-02-25;0;0;0;0
Nordeste;SE;2020-02-26;0;0;0;0
Nordeste;SE;2020-02-27;0;0;0;0
Nordeste;SE;2020-02-28;0;0;0;0
Nordeste;SE;2020-02-29;0;0;0;0
Nordeste;SE;2020-03-01;0;0;0;0
Nordeste;SE;2020-03-02;0;0;0;0
Nordeste;SE;2020-03-03;0;0;0;0
Nordeste;SE;2020-03-04;0;0;0;0
Nordeste;SE;2020-03-05;0;0;0;0
Nordeste;SE;2020-03-06;0;0;0;0
Nordeste;SE;2020-03-07;0;0;0;0
Nordeste;SE;2020-03-08;0;0;0;0
Nordeste;SE;2020-03-09;0;0;0;0
Nordeste;SE;2020-03-10;0;0;0;0
Nordeste;SE;2020-03-11;0;0;0;0
Nordeste;SE;2020-03-12;0;0;0;0
Nordeste;SE;2020-03-13;0;0;0;0
Nordeste;SE;2020-03-14;0;0;0;0
Nordeste;SE;2020-03-15;1;1;0;0
Nordeste;SE;2020-03-16;0;1;0;0
Nordeste;SE;2020-03-17;3;4;0;0
Nordeste;SE;2020-03-18;1;5;0;0
Nordeste;SE;2020-03-19;1;6;0;0
Nordeste;SE;2020-03-20;0;6;0;0
Nordeste;SE;2020-03-21;4;10;0;0
Nordeste;SE;2020-03-22;0;10;0;0
Nordeste;SE;2020-03-23;0;10;0;0
Nordeste;SE;2020-03-24;5;15;0;0
Nordeste;SE;2020-03-25;1;16;0;0
Nordeste;SE;2020-03-26;0;16;0;0
Nordeste;SE;2020-03-27;0;16;0;0
Nordeste;SE;2020-03-28;0;16;0;0
Nordeste;SE;2020-03-29;0;16;0;0
Nordeste;SE;2020-03-30;0;16;0;0
Nordeste;SE;2020-03-31;3;19;0;0
Nordeste;SE;2020-04-01;1;20;0;0
Nordeste;SE;2020-04-02;3;23;2;2
Nordeste;SE;2020-04-03;2;25;0;2
Nordeste;SE;2020-04-04;2;27;0;2
Nordeste;SE;2020-04-05;5;32;1;3
Nordeste;SE;2020-04-06;0;32;1;4
Nordeste;SE;2020-04-07;4;36;0;4
Nordeste;SE;2020-04-08;0;36;0;4
Nordeste;SE;2020-04-09;3;39;0;4
Nordeste;SE;2020-04-10;3;42;0;4
Nordeste;SE;2020-04-11;0;42;0;4
Nordeste;SE;2020-04-12;2;44;0;4
Nordeste;SE;2020-04-13;0;44;0;4
Nordeste;SE;2020-04-14;1;45;0;4
Nordeste;BA;2020-01-30;0;0;0;0
Nordeste;BA;2020-01-31;0;0;0;0
Nordeste;BA;2020-02-01;0;0;0;0
Nordeste;BA;2020-02-02;0;0;0;0
Nordeste;BA;2020-02-03;0;0;0;0
Nordeste;BA;2020-02-04;0;0;0;0
Nordeste;BA;2020-02-05;0;0;0;0
Nordeste;BA;2020-02-06;0;0;0;0
Nordeste;BA;2020-02-07;0;0;0;0
Nordeste;BA;2020-02-08;0;0;0;0
Nordeste;BA;2020-02-09;0;0;0;0
Nordeste;BA;2020-02-10;0;0;0;0
Nordeste;BA;2020-02-11;0;0;0;0
Nordeste;BA;2020-02-12;0;0;0;0
Nordeste;BA;2020-02-13;0;0;0;0
Nordeste;BA;2020-02-14;0;0;0;0
Nordeste;BA;2020-02-15;0;0;0;0
Nordeste;BA;2020-02-16;0;0;0;0
Nordeste;BA;2020-02-17;0;0;0;0
Nordeste;BA;2020-02-18;0;0;0;0
Nordeste;BA;2020-02-19;0;0;0;0
Nordeste;BA;2020-02-20;0;0;0;0
Nordeste;BA;2020-02-21;0;0;0;0
Nordeste;BA;2020-02-22;0;0;0;0
Nordeste;BA;2020-02-23;0;0;0;0
Nordeste;BA;2020-02-24;0;0;0;0
Nordeste;BA;2020-02-25;0;0;0;0
Nordeste;BA;2020-02-26;0;0;0;0
Nordeste;BA;2020-02-27;0;0;0;0
Nordeste;BA;2020-02-28;0;0;0;0
Nordeste;BA;2020-02-29;0;0;0;0
Nordeste;BA;2020-03-01;0;0;0;0
Nordeste;BA;2020-03-02;0;0;0;0
Nordeste;BA;2020-03-03;0;0;0;0
Nordeste;BA;2020-03-04;0;0;0;0
Nordeste;BA;2020-03-05;0;0;0;0
Nordeste;BA;2020-03-06;1;1;0;0
Nordeste;BA;2020-03-07;1;2;0;0
Nordeste;BA;2020-03-08;0;2;0;0
Nordeste;BA;2020-0